{"stats":{"minecraft:crafted":{"minecraft:oak_planks":136,"minecraft:stone_shovel":1,"minecraft:furnace":1,"minecraft:cooked_mutton":3,"minecraft:iron_boots":1,"minecraft:diamond_helmet":1,"minecraft:bow":1,"minecraft:diamond_leggings":1,"minecraft:stone_pickaxe":2,"minecraft:diamond_boots":1,"minecraft:cooked_beef":11,"minecraft:diamond_sword":1,"minecraft:crafting_table":4,"minecraft:iron_helmet":1,"minecraft:wooden_pickaxe":2,"minecraft:bucket":1,"minecraft:birch_planks":4,"minecraft:stone_axe":2,"minecraft:air":0,"minecraft:iron_chestplate":1,"minecraft:diamond_pickaxe":1,"minecraft:stick":60,"minecraft:iron_ingot":34,"minecraft:iron_pickaxe":2,"minecraft:wooden_axe":1,"minecraft:iron_block":3,"minecraft:stone_sword":1,"minecraft:iron_shovel":1,"minecraft:iron_leggings":1,"minecraft:anvil":1,"minecraft:white_bed":1,"minecraft:torch":128,"minecraft:diamond_chestplate":1},"minecraft:dropped":{"minecraft:iron_ingot":3,"minecraft:iron_sword":2,"minecraft:wheat_seeds":5,"minecraft:feather":2,"minecraft:iron_helmet":5,"minecraft:leather":12,"minecraft:rail":1,"minecraft:coal":3,"minecraft:dirt":10,"minecraft:wooden_axe":1,"modminds:totemeon":3,"minecraft:iron_leggings":5,"minecraft:iron_axe":1,"minecraft:iron_pickaxe":1,"minecraft:gravel":12,"minecraft:stone_axe":3,"minecraft:cobbled_deepslate":8,"minecraft:bowl":1,"minecraft:obsidian":6,"minecraft:stone_shovel":2,"minecraft:rotten_flesh":10,"minecraft:oak_planks":19,"minecraft:iron_boots":6,"dedsafio_3:deditas":17,"minecraft:iron_chestplate":5,"minecraft:slime_ball":2,"minecraft:stone_pickaxe":1,"minecraft:wooden_pickaxe":5,"minecraft:magma_block":8},"minecraft:picked_up":{"minecraft:wooden_axe":1,"minecraft:iron_chestplate":5,"minecraft:crafting_table":6,"minecraft:wooden_pickaxe":3,"minecraft:string":6,"minecraft:iron_axe":3,"minecraft:iron_leggings":5,"minecraft:cobbled_deepslate":105,"minecraft:spruce_planks":1,"minecraft:beef":16,"minecraft:iron_pickaxe":1,"minecraft:iron_boots":6,"minecraft:furnace":2,"minecraft:stick":13,"minecraft:raw_iron":32,"minecraft:torch":64,"minecraft:porkchop":16,"minecraft:stone_sword":1,"minecraft:rotten_flesh":10,"minecraft:stone_shovel":1,"modminds:totemeon":6,"minecraft:mutton":6,"minecraft:obsidian":6,"minecraft:white_wool":3,"minecraft:rail":1,"minecraft:cobblestone":228,"minecraft:birch_log":1,"minecraft:magma_block":8,"minecraft:cooked_beef":14,"minecraft:water_bucket":1,"minecraft:leather":14,"minecraft:potato":1,"minecraft:oak_log":34,"minecraft:ancient_debris":1,"minecraft:dirt":45,"minecraft:cooked_mutton":6,"minecraft:wheat_seeds":5,"minecraft:raw_gold":2,"minecraft:iron_ingot":36,"minecraft:stone_pickaxe":2,"minecraft:cooked_chicken":3,"minecraft:oak_planks":124,"minecraft:iron_sword":3,"minecraft:gravel":13,"minecraft:white_bed":2,"minecraft:spider_eye":1,"minecraft:slime_ball":3,"minecraft:diamond":31,"minecraft:stone_axe":3,"minecraft:iron_helmet":5,"minecraft:netherrack":114,"minecraft:coal":172},"minecraft:broken":{"minecraft:iron_pickaxe":1},"minecraft:killed":{"minecraft:spider":3,"minecraft:skeleton":1,"dedsafio_3:sapo":3,"minecraft:pig":7,"minecraft:zombie_villager":2,"minecraft:sheep":3,"minecraft:zombie":9,"dedsafio_3:creeper_cake":3,"minecraft:cow":6},"minecraft:killed_by":{"minecraft:player":1,"minecraft:creeper":1,"dedsafio_3:creeper_cake":3},"minecraft:mined":{"minecraft:spruce_planks":1,"minecraft:white_bed":2,"minecraft:deepslate_diamond_ore":1,"minecraft:tall_seagrass":12,"minecraft:furnace":2,"minecraft:iron_ore":9,"minecraft:cobbled_deepslate":24,"minecraft:fire":3,"minecraft:deepslate_iron_ore":23,"minecraft:stone":102,"minecraft:crafting_table":5,"minecraft:torch":4,"minecraft:cobblestone":40,"minecraft:deepslate_gold_ore":2,"minecraft:oak_planks":1,"minecraft:wall_torch":4,"minecraft:seagrass":1,"minecraft:birch_log":1,"minecraft:grass":14,"minecraft:coal_ore":158,"minecraft:oak_log":34,"minecraft:dirt":2,"minecraft:cobweb":3,"minecraft:netherrack":128,"minecraft:oak_leaves":4,"minecraft:deepslate":79},"minecraft:custom":{"minecraft:interact_with_anvil":1,"minecraft:mob_kills":38,"minecraft:interact_with_crafting_table":21,"minecraft:leave_game":5,"minecraft:time_since_death":67534,"minecraft:sprint_one_cm":185353,"minecraft:walk_one_cm":151755,"minecraft:drop":108,"minecraft:play_time":112675,"minecraft:deaths":7,"minecraft:sneak_time":11995,"minecraft:walk_under_water_one_cm":17085,"minecraft:jump":1678,"minecraft:interact_with_blast_furnace":6,"minecraft:walk_on_water_one_cm":14970,"minecraft:total_world_time":112675,"minecraft:interact_with_furnace":10,"minecraft:sleep_in_bed":2,"minecraft:time_since_rest":3636,"minecraft:damage_taken":8092,"minecraft:damage_absorbed":282,"minecraft:damage_dealt":5123,"minecraft:fly_one_cm":458279,"minecraft:swim_one_cm":35539,"minecraft:open_chest":39,"minecraft:crouch_one_cm":34732,"minecraft:interact_with_smoker":3,"minecraft:fall_one_cm":61430},"minecraft:used":{"minecraft:stone_sword":44,"minecraft:spruce_planks":1,"minecraft:iron_sword":64,"minecraft:cooked_chicken":2,"minecraft:netherrack":36,"minecraft:iron_chestplate":1,"minecraft:torch":74,"minecraft:dirt":29,"minecraft:anvil":1,"minecraft:mutton":3,"minecraft:wooden_axe":11,"minecraft:lava_bucket":8,"minecraft:iron_axe":20,"minecraft:iron_helmet":1,"minecraft:iron_boots":1,"minecraft:bow":4,"minecraft:furnace":2,"minecraft:cooked_beef":20,"minecraft:cobbled_deepslate":88,"minecraft:iron_leggings":1,"minecraft:cooked_mutton":4,"minecraft:water_bucket":11,"minecraft:leather_leggings":1,"minecraft:stone_pickaxe":76,"minecraft:oak_planks":25,"minecraft:wooden_pickaxe":14,"minecraft:crafting_table":8,"minecraft:white_bed":2,"minecraft:diamond_pickaxe":59,"minecraft:iron_pickaxe":420,"minecraft:suspicious_stew":1,"minecraft:gravel":1,"minecraft:stone_axe":2,"minecraft:diamond_sword":10,"minecraft:cobblestone":145,"minecraft:porkchop":3,"minecraft:bucket":20}},"DataVersion":3465}