{"stats":{"minecraft:crafted":{"minecraft:cooked_beef":11,"minecraft:oak_planks":136,"minecraft:stone_shovel":1,"minecraft:crafting_table":3,"minecraft:wooden_pickaxe":2,"minecraft:iron_helmet":1,"minecraft:furnace":1,"minecraft:bucket":1,"minecraft:stone_axe":2,"minecraft:air":0,"minecraft:bow":1,"minecraft:iron_boots":1,"minecraft:iron_chestplate":1,"minecraft:stick":60,"minecraft:iron_ingot":4,"minecraft:iron_pickaxe":2,"minecraft:stone_pickaxe":2,"minecraft:wooden_axe":1,"minecraft:stone_sword":1,"minecraft:iron_shovel":1,"minecraft:iron_leggings":1,"minecraft:white_bed":1,"minecraft:torch":128},"minecraft:dropped":{"minecraft:iron_ingot":3,"minecraft:iron_sword":1,"minecraft:stone_axe":3,"minecraft:wheat_seeds":5,"minecraft:cobbled_deepslate":8,"minecraft:bowl":1,"minecraft:obsidian":6,"minecraft:stone_shovel":2,"minecraft:iron_helmet":4,"minecraft:rotten_flesh":10,"minecraft:oak_planks":1,"minecraft:iron_boots":4,"minecraft:leather":12,"minecraft:rail":1,"minecraft:dirt":10,"minecraft:iron_chestplate":4,"minecraft:wooden_axe":1,"minecraft:iron_leggings":4,"minecraft:iron_axe":1,"minecraft:wooden_pickaxe":5,"minecraft:stone_pickaxe":1},"minecraft:picked_up":{"minecraft:wooden_axe":1,"minecraft:crafting_table":6,"minecraft:iron_chestplate":5,"minecraft:cooked_beef":14,"minecraft:water_bucket":1,"minecraft:leather":14,"minecraft:wooden_pickaxe":3,"minecraft:oak_log":34,"minecraft:dirt":45,"minecraft:string":6,"minecraft:iron_axe":3,"minecraft:iron_leggings":5,"minecraft:wheat_seeds":5,"minecraft:cobbled_deepslate":102,"minecraft:raw_gold":2,"minecraft:spruce_planks":1,"minecraft:iron_ingot":33,"minecraft:beef":16,"minecraft:stone_pickaxe":2,"minecraft:cooked_chicken":3,"minecraft:iron_pickaxe":1,"minecraft:iron_sword":3,"minecraft:oak_planks":122,"minecraft:iron_boots":5,"minecraft:furnace":2,"minecraft:raw_iron":32,"minecraft:stick":1,"minecraft:torch":63,"minecraft:porkchop":11,"minecraft:white_bed":1,"minecraft:diamond":1,"minecraft:spider_eye":1,"minecraft:stone_shovel":1,"minecraft:stone_sword":1,"minecraft:rotten_flesh":10,"minecraft:slime_ball":2,"minecraft:stone_axe":3,"modminds:totemeon":6,"minecraft:iron_helmet":5,"minecraft:obsidian":6,"minecraft:rail":1,"minecraft:mutton":6,"minecraft:coal":142,"minecraft:white_wool":3,"minecraft:cobblestone":226},"minecraft:broken":{"minecraft:iron_pickaxe":1},"minecraft:killed_by":{"minecraft:player":1,"minecraft:creeper":1,"dedsafio_3:creeper_cake":3},"minecraft:killed":{"dedsafio_3:sapo":2,"minecraft:pig":5,"minecraft:zombie_villager":1,"minecraft:spider":3,"minecraft:sheep":3,"minecraft:zombie":9,"dedsafio_3:creeper_cake":2,"minecraft:cow":6},"minecraft:mined":{"minecraft:white_bed":1,"minecraft:spruce_planks":1,"minecraft:deepslate_diamond_ore":1,"minecraft:crafting_table":5,"minecraft:torch":3,"minecraft:cobblestone":40,"minecraft:deepslate_gold_ore":2,"minecraft:wall_torch":4,"minecraft:seagrass":1,"minecraft:tall_seagrass":12,"minecraft:furnace":2,"minecraft:cobbled_deepslate":23,"minecraft:iron_ore":9,"minecraft:grass":12,"minecraft:oak_log":34,"minecraft:coal_ore":128,"minecraft:deepslate_iron_ore":23,"minecraft:dirt":2,"minecraft:cobweb":3,"minecraft:stone":97,"minecraft:deepslate":77,"minecraft:oak_leaves":3},"minecraft:custom":{"minecraft:interact_with_furnace":10,"minecraft:mob_kills":32,"minecraft:interact_with_crafting_table":14,"minecraft:leave_game":5,"minecraft:time_since_death":37534,"minecraft:sleep_in_bed":1,"minecraft:time_since_rest":16291,"minecraft:sprint_one_cm":144504,"minecraft:damage_absorbed":160,"minecraft:damage_taken":6849,"minecraft:walk_one_cm":102056,"minecraft:drop":61,"minecraft:damage_dealt":4306,"minecraft:swim_one_cm":35539,"minecraft:fly_one_cm":398364,"minecraft:open_chest":7,"minecraft:crouch_one_cm":21436,"minecraft:play_time":82675,"minecraft:deaths":7,"minecraft:sneak_time":9333,"minecraft:walk_under_water_one_cm":15778,"minecraft:jump":1229,"minecraft:walk_on_water_one_cm":14047,"minecraft:total_world_time":82675,"minecraft:fall_one_cm":48392},"minecraft:used":{"minecraft:water_bucket":4,"minecraft:leather_leggings":1,"minecraft:stone_sword":44,"minecraft:stone_pickaxe":76,"minecraft:spruce_planks":1,"minecraft:wooden_pickaxe":14,"minecraft:iron_sword":56,"minecraft:cooked_chicken":2,"minecraft:iron_chestplate":1,"minecraft:torch":68,"minecraft:dirt":29,"minecraft:mutton":2,"minecraft:crafting_table":7,"minecraft:white_bed":1,"minecraft:wooden_axe":11,"minecraft:iron_axe":18,"minecraft:suspicious_stew":1,"minecraft:iron_pickaxe":313,"minecraft:iron_helmet":1,"minecraft:iron_boots":1,"minecraft:stone_axe":2,"minecraft:cobblestone":145,"minecraft:furnace":2,"minecraft:porkchop":3,"minecraft:bucket":4,"minecraft:cooked_beef":18,"minecraft:cobbled_deepslate":69,"minecraft:iron_leggings":1}},"DataVersion":3465}