{"stats":{"minecraft:killed":{"minecraft:zombie":3,"minecraft:pig":5,"minecraft:spider":3,"minecraft:cow":2},"minecraft:custom":{"minecraft:time_since_rest":9100,"minecraft:sprint_one_cm":48364,"minecraft:damage_taken":454,"minecraft:walk_one_cm":18389,"minecraft:mob_kills":13,"minecraft:drop":6,"minecraft:damage_dealt":1870,"minecraft:swim_one_cm":8232,"minecraft:interact_with_crafting_table":4,"minecraft:fly_one_cm":111496,"minecraft:open_chest":1,"minecraft:crouch_one_cm":3596,"minecraft:play_time":26132,"minecraft:deaths":1,"minecraft:sneak_time":1231,"minecraft:walk_under_water_one_cm":3100,"minecraft:jump":442,"minecraft:leave_game":2,"minecraft:time_since_death":9093,"minecraft:walk_on_water_one_cm":3246,"minecraft:total_world_time":26132,"minecraft:fall_one_cm":14985},"minecraft:used":{"minecraft:wooden_axe":11,"minecraft:leather_leggings":1,"minecraft:stone_sword":43,"minecraft:stone_pickaxe":60,"minecraft:suspicious_stew":1,"minecraft:spruce_planks":1,"minecraft:wooden_pickaxe":8,"minecraft:stone_axe":2,"minecraft:torch":14,"minecraft:dirt":18,"minecraft:mutton":2,"minecraft:crafting_table":2,"minecraft:porkchop":3},"minecraft:crafted":{"minecraft:oak_planks":60,"minecraft:crafting_table":1,"minecraft:stick":20,"minecraft:wooden_pickaxe":1,"minecraft:stone_pickaxe":1,"minecraft:wooden_axe":1,"minecraft:stone_sword":1,"minecraft:torch":48,"minecraft:stone_axe":1},"minecraft:mined":{"minecraft:spruce_planks":1,"minecraft:crafting_table":2,"minecraft:torch":1,"minecraft:grass":7,"minecraft:oak_log":15,"minecraft:coal_ore":37,"minecraft:stone":30,"minecraft:wall_torch":2,"minecraft:oak_leaves":3},"minecraft:picked_up":{"minecraft:wooden_axe":1,"minecraft:stick":1,"minecraft:crafting_table":3,"minecraft:leather":2,"minecraft:torch":13,"minecraft:porkchop":11,"minecraft:oak_log":15,"minecraft:dirt":18,"minecraft:string":3,"minecraft:spider_eye":1,"minecraft:stone_sword":1,"minecraft:stone_axe":1,"minecraft:wheat_seeds":2,"minecraft:spruce_planks":1,"minecraft:beef":5,"minecraft:stone_pickaxe":2,"minecraft:mutton":2,"minecraft:oak_planks":44,"minecraft:coal":44,"minecraft:cobblestone":53},"minecraft:dropped":{"minecraft:wheat_seeds":2,"minecraft:bowl":1,"minecraft:wooden_axe":1,"minecraft:stone_pickaxe":1,"minecraft:wooden_pickaxe":1},"minecraft:killed_by":{"minecraft:creeper":1}},"DataVersion":3465}