{"stats":{"minecraft:crafted":{"minecraft:oak_planks":136,"minecraft:crafting_table":3,"minecraft:wooden_pickaxe":2,"minecraft:iron_helmet":1,"minecraft:bucket":1,"minecraft:stone_axe":2,"minecraft:iron_boots":1,"minecraft:iron_chestplate":1,"minecraft:stick":60,"minecraft:iron_pickaxe":1,"minecraft:stone_pickaxe":2,"minecraft:wooden_axe":1,"minecraft:stone_sword":1,"minecraft:iron_leggings":1,"minecraft:torch":128},"minecraft:dropped":{"minecraft:iron_ingot":3,"minecraft:iron_sword":1,"minecraft:stone_axe":3,"minecraft:wheat_seeds":5,"minecraft:bowl":1,"minecraft:iron_helmet":4,"minecraft:rotten_flesh":2,"minecraft:oak_planks":1,"minecraft:iron_boots":4,"minecraft:leather":12,"minecraft:dirt":10,"minecraft:iron_chestplate":4,"minecraft:wooden_axe":1,"minecraft:iron_leggings":4,"minecraft:iron_axe":1,"minecraft:wooden_pickaxe":5,"minecraft:stone_pickaxe":1},"minecraft:picked_up":{"minecraft:wooden_axe":1,"minecraft:crafting_table":4,"minecraft:iron_chestplate":5,"minecraft:cooked_beef":14,"minecraft:water_bucket":1,"minecraft:leather":14,"minecraft:wooden_pickaxe":3,"minecraft:oak_log":34,"minecraft:dirt":45,"minecraft:string":3,"minecraft:iron_axe":3,"minecraft:iron_leggings":5,"minecraft:wheat_seeds":5,"minecraft:spruce_planks":1,"minecraft:iron_ingot":33,"minecraft:beef":16,"minecraft:stone_pickaxe":2,"minecraft:cooked_chicken":3,"minecraft:iron_pickaxe":1,"minecraft:iron_sword":3,"minecraft:oak_planks":122,"minecraft:iron_boots":5,"minecraft:raw_iron":9,"minecraft:stick":1,"minecraft:torch":60,"minecraft:porkchop":11,"minecraft:spider_eye":1,"minecraft:stone_sword":1,"minecraft:rotten_flesh":2,"minecraft:stone_axe":3,"modminds:totemeon":3,"minecraft:iron_helmet":5,"minecraft:mutton":6,"minecraft:coal":137,"minecraft:white_wool":3,"minecraft:cobblestone":200},"minecraft:killed_by":{"minecraft:player":1,"minecraft:creeper":1,"dedsafio_3:creeper_cake":3},"minecraft:killed":{"minecraft:pig":5,"minecraft:zombie_villager":1,"minecraft:spider":3,"minecraft:sheep":3,"minecraft:zombie":4,"minecraft:cow":6},"minecraft:mined":{"minecraft:spruce_planks":1,"minecraft:crafting_table":3,"minecraft:torch":1,"minecraft:cobblestone":14,"minecraft:wall_torch":2,"minecraft:seagrass":1,"minecraft:tall_seagrass":12,"minecraft:iron_ore":9,"minecraft:grass":12,"minecraft:oak_log":34,"minecraft:coal_ore":128,"minecraft:dirt":2,"minecraft:stone":97,"minecraft:oak_leaves":3},"minecraft:custom":{"minecraft:mob_kills":22,"minecraft:interact_with_crafting_table":8,"minecraft:leave_game":5,"minecraft:time_since_death":13534,"minecraft:time_since_rest":13538,"minecraft:sprint_one_cm":113676,"minecraft:damage_absorbed":80,"minecraft:damage_taken":5701,"minecraft:walk_one_cm":63744,"minecraft:drop":48,"minecraft:damage_dealt":2878,"minecraft:swim_one_cm":35539,"minecraft:fly_one_cm":367728,"minecraft:open_chest":7,"minecraft:crouch_one_cm":7958,"minecraft:play_time":58675,"minecraft:deaths":7,"minecraft:sneak_time":3821,"minecraft:walk_under_water_one_cm":15778,"minecraft:jump":963,"minecraft:walk_on_water_one_cm":12869,"minecraft:total_world_time":58675,"minecraft:fall_one_cm":41162},"minecraft:used":{"minecraft:water_bucket":1,"minecraft:leather_leggings":1,"minecraft:stone_sword":44,"minecraft:stone_pickaxe":76,"minecraft:spruce_planks":1,"minecraft:wooden_pickaxe":14,"minecraft:iron_sword":23,"minecraft:cooked_chicken":2,"minecraft:iron_chestplate":1,"minecraft:torch":30,"minecraft:dirt":29,"minecraft:mutton":2,"minecraft:crafting_table":4,"minecraft:wooden_axe":11,"minecraft:iron_axe":16,"minecraft:suspicious_stew":1,"minecraft:iron_pickaxe":159,"minecraft:iron_helmet":1,"minecraft:iron_boots":1,"minecraft:stone_axe":2,"minecraft:cobblestone":92,"minecraft:porkchop":3,"minecraft:bucket":2,"minecraft:cooked_beef":9,"minecraft:iron_leggings":1}},"DataVersion":3465}