{"stats":{"minecraft:crafted":{"minecraft:oak_planks":80,"minecraft:crafting_table":2,"minecraft:wooden_pickaxe":2,"minecraft:stone_axe":2,"minecraft:stick":28,"minecraft:stone_pickaxe":2,"minecraft:wooden_axe":1,"minecraft:stone_sword":1,"minecraft:torch":48},"minecraft:dropped":{"minecraft:iron_sword":1,"minecraft:stone_axe":2,"minecraft:wheat_seeds":4,"minecraft:bowl":1,"minecraft:iron_helmet":3,"minecraft:iron_boots":3,"minecraft:dirt":10,"minecraft:iron_chestplate":3,"minecraft:wooden_axe":1,"minecraft:iron_leggings":3,"minecraft:iron_axe":1,"minecraft:wooden_pickaxe":4,"minecraft:stone_pickaxe":1},"minecraft:picked_up":{"minecraft:wooden_axe":1,"minecraft:crafting_table":4,"minecraft:iron_chestplate":3,"minecraft:leather":2,"minecraft:wooden_pickaxe":2,"minecraft:oak_log":20,"minecraft:string":3,"minecraft:dirt":45,"minecraft:iron_axe":2,"minecraft:iron_leggings":3,"minecraft:wheat_seeds":4,"minecraft:spruce_planks":1,"minecraft:stone_pickaxe":2,"minecraft:beef":5,"minecraft:oak_planks":64,"minecraft:iron_sword":2,"minecraft:iron_boots":3,"minecraft:stick":1,"minecraft:torch":13,"minecraft:porkchop":11,"minecraft:spider_eye":1,"minecraft:stone_sword":1,"minecraft:stone_axe":2,"minecraft:iron_helmet":3,"minecraft:mutton":2,"minecraft:coal":44,"minecraft:cobblestone":65},"minecraft:killed_by":{"minecraft:player":1,"minecraft:creeper":1,"dedsafio_3:creeper_cake":2},"minecraft:killed":{"minecraft:pig":5,"minecraft:spider":3,"minecraft:zombie":3,"minecraft:cow":2},"minecraft:mined":{"minecraft:spruce_planks":1,"minecraft:crafting_table":3,"minecraft:torch":1,"minecraft:cobblestone":1,"minecraft:wall_torch":2,"minecraft:grass":10,"minecraft:oak_log":20,"minecraft:coal_ore":37,"minecraft:dirt":2,"minecraft:stone":41,"minecraft:oak_leaves":3},"minecraft:custom":{"minecraft:mob_kills":13,"minecraft:interact_with_crafting_table":7,"minecraft:leave_game":4,"minecraft:time_since_death":5081,"minecraft:time_since_rest":5086,"minecraft:sprint_one_cm":54355,"minecraft:damage_taken":2660,"minecraft:walk_one_cm":29387,"minecraft:drop":33,"minecraft:damage_dealt":1894,"minecraft:swim_one_cm":12564,"minecraft:fly_one_cm":267506,"minecraft:open_chest":1,"minecraft:crouch_one_cm":3839,"minecraft:play_time":36742,"minecraft:deaths":6,"minecraft:sneak_time":1773,"minecraft:walk_under_water_one_cm":4974,"minecraft:jump":507,"minecraft:walk_on_water_one_cm":3582,"minecraft:total_world_time":36742,"minecraft:fall_one_cm":18943},"minecraft:used":{"minecraft:leather_leggings":1,"minecraft:stone_sword":44,"minecraft:stone_pickaxe":66,"minecraft:spruce_planks":1,"minecraft:wooden_pickaxe":14,"minecraft:torch":14,"minecraft:dirt":29,"minecraft:mutton":2,"minecraft:crafting_table":4,"minecraft:wooden_axe":11,"minecraft:iron_axe":2,"minecraft:suspicious_stew":1,"minecraft:stone_axe":2,"minecraft:cobblestone":1,"minecraft:porkchop":3}},"DataVersion":3465}