{"stats":{"minecraft:crafted":{"minecraft:oak_planks":136,"minecraft:stone_shovel":1,"minecraft:furnace":1,"minecraft:iron_boots":1,"minecraft:diamond_helmet":1,"minecraft:bow":1,"minecraft:diamond_leggings":1,"minecraft:stone_pickaxe":2,"minecraft:diamond_boots":1,"minecraft:cooked_beef":11,"minecraft:diamond_sword":1,"minecraft:crafting_table":3,"minecraft:iron_helmet":1,"minecraft:wooden_pickaxe":2,"minecraft:bucket":1,"minecraft:stone_axe":2,"minecraft:air":0,"minecraft:iron_chestplate":1,"minecraft:diamond_pickaxe":1,"minecraft:stick":60,"minecraft:iron_ingot":4,"minecraft:iron_pickaxe":2,"minecraft:wooden_axe":1,"minecraft:stone_sword":1,"minecraft:iron_shovel":1,"minecraft:iron_leggings":1,"minecraft:white_bed":1,"minecraft:torch":128,"minecraft:diamond_chestplate":1},"minecraft:dropped":{"minecraft:iron_ingot":3,"minecraft:iron_sword":2,"minecraft:wheat_seeds":5,"minecraft:iron_helmet":5,"minecraft:leather":12,"minecraft:rail":1,"minecraft:coal":3,"minecraft:dirt":10,"minecraft:wooden_axe":1,"minecraft:iron_leggings":5,"minecraft:iron_axe":1,"minecraft:iron_pickaxe":1,"minecraft:stone_axe":3,"minecraft:cobbled_deepslate":8,"minecraft:bowl":1,"minecraft:obsidian":6,"minecraft:stone_shovel":2,"minecraft:rotten_flesh":10,"minecraft:oak_planks":19,"minecraft:iron_boots":6,"minecraft:iron_chestplate":5,"minecraft:slime_ball":2,"minecraft:stone_pickaxe":1,"minecraft:wooden_pickaxe":5,"minecraft:magma_block":8},"minecraft:picked_up":{"minecraft:wooden_axe":1,"minecraft:iron_chestplate":5,"minecraft:crafting_table":6,"minecraft:wooden_pickaxe":3,"minecraft:string":6,"minecraft:iron_axe":3,"minecraft:iron_leggings":5,"minecraft:cobbled_deepslate":105,"minecraft:spruce_planks":1,"minecraft:beef":16,"minecraft:iron_pickaxe":1,"minecraft:iron_boots":6,"minecraft:furnace":2,"minecraft:stick":13,"minecraft:raw_iron":32,"minecraft:torch":63,"minecraft:porkchop":11,"minecraft:stone_sword":1,"minecraft:rotten_flesh":10,"minecraft:stone_shovel":1,"modminds:totemeon":6,"minecraft:mutton":6,"minecraft:obsidian":6,"minecraft:white_wool":3,"minecraft:rail":1,"minecraft:cobblestone":226,"minecraft:magma_block":8,"minecraft:cooked_beef":14,"minecraft:water_bucket":1,"minecraft:leather":14,"minecraft:potato":1,"minecraft:oak_log":34,"minecraft:ancient_debris":1,"minecraft:dirt":45,"minecraft:cooked_mutton":6,"minecraft:wheat_seeds":5,"minecraft:raw_gold":2,"minecraft:iron_ingot":33,"minecraft:stone_pickaxe":2,"minecraft:cooked_chicken":3,"minecraft:oak_planks":124,"minecraft:iron_sword":3,"minecraft:gravel":1,"minecraft:white_bed":1,"minecraft:spider_eye":1,"minecraft:slime_ball":2,"minecraft:diamond":31,"minecraft:stone_axe":3,"minecraft:iron_helmet":5,"minecraft:netherrack":114,"minecraft:coal":142},"minecraft:broken":{"minecraft:iron_pickaxe":1},"minecraft:killed":{"minecraft:spider":3,"minecraft:skeleton":1,"dedsafio_3:sapo":2,"minecraft:pig":5,"minecraft:zombie_villager":2,"minecraft:sheep":3,"minecraft:zombie":9,"dedsafio_3:creeper_cake":2,"minecraft:cow":6},"minecraft:killed_by":{"minecraft:player":1,"minecraft:creeper":1,"dedsafio_3:creeper_cake":3},"minecraft:mined":{"minecraft:spruce_planks":1,"minecraft:white_bed":1,"minecraft:deepslate_diamond_ore":1,"minecraft:tall_seagrass":12,"minecraft:furnace":2,"minecraft:iron_ore":9,"minecraft:cobbled_deepslate":24,"minecraft:fire":3,"minecraft:deepslate_iron_ore":23,"minecraft:stone":97,"minecraft:crafting_table":5,"minecraft:torch":3,"minecraft:cobblestone":40,"minecraft:deepslate_gold_ore":2,"minecraft:oak_planks":1,"minecraft:wall_torch":4,"minecraft:seagrass":1,"minecraft:grass":12,"minecraft:coal_ore":128,"minecraft:oak_log":34,"minecraft:dirt":2,"minecraft:cobweb":3,"minecraft:netherrack":128,"minecraft:oak_leaves":3,"minecraft:deepslate":79},"minecraft:custom":{"minecraft:mob_kills":34,"minecraft:interact_with_crafting_table":18,"minecraft:leave_game":5,"minecraft:time_since_death":49534,"minecraft:sprint_one_cm":148126,"minecraft:walk_one_cm":124284,"minecraft:drop":91,"minecraft:play_time":94675,"minecraft:deaths":7,"minecraft:sneak_time":11418,"minecraft:walk_under_water_one_cm":16381,"minecraft:jump":1392,"minecraft:walk_on_water_one_cm":14810,"minecraft:total_world_time":94675,"minecraft:interact_with_furnace":10,"minecraft:sleep_in_bed":1,"minecraft:time_since_rest":28291,"minecraft:damage_taken":7434,"minecraft:damage_absorbed":222,"minecraft:damage_dealt":4723,"minecraft:fly_one_cm":406492,"minecraft:swim_one_cm":35539,"minecraft:open_chest":7,"minecraft:crouch_one_cm":31353,"minecraft:fall_one_cm":51994},"minecraft:used":{"minecraft:stone_sword":44,"minecraft:spruce_planks":1,"minecraft:iron_sword":64,"minecraft:cooked_chicken":2,"minecraft:netherrack":27,"minecraft:iron_chestplate":1,"minecraft:torch":69,"minecraft:dirt":29,"minecraft:mutton":3,"minecraft:wooden_axe":11,"minecraft:lava_bucket":8,"minecraft:iron_axe":19,"minecraft:iron_helmet":1,"minecraft:iron_boots":1,"minecraft:furnace":2,"minecraft:cooked_beef":20,"minecraft:cobbled_deepslate":88,"minecraft:iron_leggings":1,"minecraft:cooked_mutton":2,"minecraft:water_bucket":7,"minecraft:leather_leggings":1,"minecraft:stone_pickaxe":76,"minecraft:oak_planks":25,"minecraft:wooden_pickaxe":14,"minecraft:crafting_table":7,"minecraft:white_bed":2,"minecraft:diamond_pickaxe":24,"minecraft:iron_pickaxe":420,"minecraft:suspicious_stew":1,"minecraft:gravel":1,"minecraft:stone_axe":2,"minecraft:cobblestone":145,"minecraft:porkchop":3,"minecraft:bucket":16}},"DataVersion":3465}