{"stats":{"minecraft:crafted":{"minecraft:oak_planks":60,"minecraft:crafting_table":1,"minecraft:stick":20,"minecraft:stone_pickaxe":1,"minecraft:wooden_pickaxe":1,"minecraft:wooden_axe":1,"minecraft:stone_sword":1,"minecraft:torch":48,"minecraft:stone_axe":1},"minecraft:dropped":{"minecraft:wheat_seeds":2,"minecraft:bowl":1,"minecraft:wooden_axe":1,"minecraft:stone_pickaxe":1,"minecraft:wooden_pickaxe":1},"minecraft:picked_up":{"minecraft:wooden_axe":1,"minecraft:stick":1,"minecraft:crafting_table":3,"minecraft:leather":2,"minecraft:torch":13,"minecraft:porkchop":11,"minecraft:oak_log":15,"minecraft:spider_eye":1,"minecraft:dirt":18,"minecraft:string":3,"minecraft:stone_sword":1,"minecraft:stone_axe":1,"minecraft:wheat_seeds":2,"minecraft:spruce_planks":1,"minecraft:beef":5,"minecraft:stone_pickaxe":2,"minecraft:mutton":2,"minecraft:oak_planks":44,"minecraft:coal":44,"minecraft:cobblestone":59},"minecraft:killed_by":{"minecraft:player":1,"minecraft:creeper":1,"dedsafio_3:creeper_cake":1},"minecraft:killed":{"minecraft:zombie":3,"minecraft:pig":5,"minecraft:spider":3,"minecraft:cow":2},"minecraft:mined":{"minecraft:spruce_planks":1,"minecraft:crafting_table":2,"minecraft:torch":1,"minecraft:grass":7,"minecraft:oak_log":15,"minecraft:coal_ore":37,"minecraft:cobblestone":1,"minecraft:stone":35,"minecraft:oak_leaves":3,"minecraft:wall_torch":2},"minecraft:custom":{"minecraft:time_since_rest":2033,"minecraft:sprint_one_cm":50344,"minecraft:damage_taken":1970,"minecraft:walk_one_cm":22105,"minecraft:mob_kills":13,"minecraft:drop":6,"minecraft:damage_dealt":1894,"minecraft:swim_one_cm":10928,"minecraft:interact_with_crafting_table":4,"minecraft:fly_one_cm":237715,"minecraft:open_chest":1,"minecraft:crouch_one_cm":3596,"minecraft:play_time":30670,"minecraft:deaths":5,"minecraft:sneak_time":1493,"minecraft:walk_under_water_one_cm":4801,"minecraft:jump":463,"minecraft:leave_game":3,"minecraft:time_since_death":1950,"minecraft:walk_on_water_one_cm":3304,"minecraft:total_world_time":30670,"minecraft:fall_one_cm":18083},"minecraft:used":{"minecraft:wooden_axe":11,"minecraft:leather_leggings":1,"minecraft:stone_sword":44,"minecraft:stone_pickaxe":66,"minecraft:suspicious_stew":1,"minecraft:wooden_pickaxe":8,"minecraft:spruce_planks":1,"minecraft:torch":14,"minecraft:stone_axe":2,"minecraft:cobblestone":1,"minecraft:dirt":18,"minecraft:mutton":2,"minecraft:crafting_table":2,"minecraft:porkchop":3}},"DataVersion":3465}