{"stats":{"minecraft:crafted":{"minecraft:oak_planks":136,"minecraft:crafting_table":2,"minecraft:iron_helmet":1,"minecraft:wooden_pickaxe":2,"minecraft:bucket":1,"minecraft:stone_axe":2,"minecraft:iron_chestplate":1,"minecraft:iron_boots":1,"minecraft:stick":40,"minecraft:iron_pickaxe":1,"minecraft:stone_pickaxe":2,"minecraft:wooden_axe":1,"minecraft:stone_sword":1,"minecraft:iron_leggings":1,"minecraft:torch":96},"minecraft:dropped":{"minecraft:iron_ingot":3,"minecraft:iron_sword":1,"minecraft:stone_axe":3,"minecraft:wheat_seeds":4,"minecraft:bowl":1,"minecraft:iron_helmet":4,"minecraft:oak_planks":1,"minecraft:iron_boots":4,"minecraft:dirt":10,"minecraft:iron_chestplate":4,"minecraft:wooden_axe":1,"minecraft:iron_leggings":4,"minecraft:iron_axe":1,"minecraft:wooden_pickaxe":5,"minecraft:stone_pickaxe":1},"minecraft:picked_up":{"minecraft:wooden_axe":1,"minecraft:crafting_table":4,"minecraft:iron_chestplate":4,"minecraft:cooked_beef":9,"minecraft:leather":2,"minecraft:wooden_pickaxe":3,"minecraft:oak_log":34,"minecraft:dirt":45,"minecraft:string":3,"minecraft:iron_axe":2,"minecraft:iron_leggings":4,"minecraft:wheat_seeds":4,"minecraft:spruce_planks":1,"minecraft:iron_ingot":33,"minecraft:stone_pickaxe":2,"minecraft:beef":5,"minecraft:cooked_chicken":2,"minecraft:oak_planks":64,"minecraft:iron_sword":2,"minecraft:iron_boots":4,"minecraft:stick":1,"minecraft:torch":13,"minecraft:porkchop":11,"minecraft:spider_eye":1,"minecraft:stone_sword":1,"minecraft:stone_axe":3,"minecraft:iron_helmet":4,"minecraft:mutton":2,"minecraft:coal":64,"minecraft:cobblestone":109},"minecraft:killed_by":{"minecraft:player":1,"minecraft:creeper":1,"dedsafio_3:creeper_cake":3},"minecraft:killed":{"minecraft:pig":5,"minecraft:spider":3,"minecraft:zombie":4,"minecraft:cow":2},"minecraft:mined":{"minecraft:spruce_planks":1,"minecraft:crafting_table":3,"minecraft:torch":1,"minecraft:cobblestone":11,"minecraft:wall_torch":2,"minecraft:seagrass":1,"minecraft:tall_seagrass":12,"minecraft:grass":10,"minecraft:oak_log":34,"minecraft:coal_ore":57,"minecraft:dirt":2,"minecraft:stone":75,"minecraft:oak_leaves":3},"minecraft:custom":{"minecraft:mob_kills":14,"minecraft:interact_with_crafting_table":8,"minecraft:leave_game":4,"minecraft:time_since_death":1947,"minecraft:time_since_rest":1951,"minecraft:sprint_one_cm":72071,"minecraft:damage_taken":3446,"minecraft:walk_one_cm":41824,"minecraft:drop":42,"minecraft:damage_dealt":2088,"minecraft:swim_one_cm":28739,"minecraft:fly_one_cm":315588,"minecraft:open_chest":7,"minecraft:crouch_one_cm":4679,"minecraft:play_time":47088,"minecraft:deaths":7,"minecraft:sneak_time":2207,"minecraft:walk_under_water_one_cm":12592,"minecraft:jump":642,"minecraft:walk_on_water_one_cm":8635,"minecraft:total_world_time":47088,"minecraft:fall_one_cm":26964},"minecraft:used":{"minecraft:leather_leggings":1,"minecraft:stone_sword":44,"minecraft:stone_pickaxe":76,"minecraft:spruce_planks":1,"minecraft:wooden_pickaxe":14,"minecraft:iron_sword":4,"minecraft:cooked_chicken":1,"minecraft:torch":15,"minecraft:dirt":29,"minecraft:mutton":2,"minecraft:crafting_table":4,"minecraft:wooden_axe":11,"minecraft:iron_axe":16,"minecraft:iron_pickaxe":54,"minecraft:suspicious_stew":1,"minecraft:stone_axe":2,"minecraft:cobblestone":36,"minecraft:porkchop":3,"minecraft:bucket":1,"minecraft:cooked_beef":4}},"DataVersion":3465}