{"stats":{"minecraft:crafted":{"minecraft:cooked_beef":11,"minecraft:oak_planks":136,"minecraft:stone_shovel":1,"minecraft:crafting_table":3,"minecraft:wooden_pickaxe":2,"minecraft:iron_helmet":1,"minecraft:furnace":1,"minecraft:bucket":1,"minecraft:stone_axe":2,"minecraft:air":0,"minecraft:iron_boots":1,"minecraft:iron_chestplate":1,"minecraft:stick":60,"minecraft:iron_pickaxe":1,"minecraft:stone_pickaxe":2,"minecraft:wooden_axe":1,"minecraft:stone_sword":1,"minecraft:iron_leggings":1,"minecraft:white_bed":1,"minecraft:torch":128},"minecraft:dropped":{"minecraft:iron_ingot":3,"minecraft:iron_sword":1,"minecraft:stone_axe":3,"minecraft:wheat_seeds":5,"minecraft:bowl":1,"minecraft:iron_helmet":4,"minecraft:rotten_flesh":10,"minecraft:oak_planks":1,"minecraft:iron_boots":4,"minecraft:leather":12,"minecraft:dirt":10,"minecraft:iron_chestplate":4,"minecraft:wooden_axe":1,"minecraft:iron_leggings":4,"minecraft:iron_axe":1,"minecraft:wooden_pickaxe":5,"minecraft:stone_pickaxe":1},"minecraft:picked_up":{"minecraft:wooden_axe":1,"minecraft:crafting_table":5,"minecraft:iron_chestplate":5,"minecraft:cooked_beef":14,"minecraft:water_bucket":1,"minecraft:leather":14,"minecraft:wooden_pickaxe":3,"minecraft:oak_log":34,"minecraft:dirt":45,"minecraft:string":3,"minecraft:iron_axe":3,"minecraft:iron_leggings":5,"minecraft:wheat_seeds":5,"minecraft:cobbled_deepslate":30,"minecraft:spruce_planks":1,"minecraft:iron_ingot":33,"minecraft:beef":16,"minecraft:stone_pickaxe":2,"minecraft:cooked_chicken":3,"minecraft:iron_pickaxe":1,"minecraft:iron_sword":3,"minecraft:oak_planks":122,"minecraft:iron_boots":5,"minecraft:furnace":1,"minecraft:raw_iron":32,"minecraft:stick":1,"minecraft:torch":63,"minecraft:porkchop":11,"minecraft:white_bed":1,"minecraft:spider_eye":1,"minecraft:stone_sword":1,"minecraft:rotten_flesh":10,"minecraft:slime_ball":1,"minecraft:stone_axe":3,"modminds:totemeon":3,"minecraft:iron_helmet":5,"minecraft:mutton":6,"minecraft:coal":139,"minecraft:white_wool":3,"minecraft:cobblestone":211},"minecraft:killed_by":{"minecraft:player":1,"minecraft:creeper":1,"dedsafio_3:creeper_cake":3},"minecraft:killed":{"dedsafio_3:sapo":1,"minecraft:pig":5,"minecraft:zombie_villager":1,"minecraft:spider":3,"minecraft:sheep":3,"minecraft:zombie":9,"dedsafio_3:creeper_cake":2,"minecraft:cow":6},"minecraft:mined":{"minecraft:white_bed":1,"minecraft:spruce_planks":1,"minecraft:crafting_table":4,"minecraft:torch":2,"minecraft:cobblestone":25,"minecraft:wall_torch":4,"minecraft:seagrass":1,"minecraft:tall_seagrass":12,"minecraft:furnace":1,"minecraft:cobbled_deepslate":5,"minecraft:iron_ore":9,"minecraft:grass":12,"minecraft:oak_log":34,"minecraft:coal_ore":128,"minecraft:deepslate_iron_ore":23,"minecraft:dirt":2,"minecraft:stone":97,"minecraft:deepslate":25,"minecraft:oak_leaves":3},"minecraft:custom":{"minecraft:interact_with_furnace":5,"minecraft:mob_kills":30,"minecraft:interact_with_crafting_table":11,"minecraft:leave_game":5,"minecraft:time_since_death":25534,"minecraft:sleep_in_bed":1,"minecraft:time_since_rest":4291,"minecraft:sprint_one_cm":120042,"minecraft:damage_absorbed":160,"minecraft:damage_taken":6369,"minecraft:walk_one_cm":80847,"minecraft:drop":56,"minecraft:damage_dealt":3819,"minecraft:swim_one_cm":35539,"minecraft:fly_one_cm":381286,"minecraft:open_chest":7,"minecraft:crouch_one_cm":10937,"minecraft:play_time":70675,"minecraft:deaths":7,"minecraft:sneak_time":5815,"minecraft:walk_under_water_one_cm":15778,"minecraft:jump":1086,"minecraft:walk_on_water_one_cm":13726,"minecraft:total_world_time":70675,"minecraft:fall_one_cm":44338},"minecraft:used":{"minecraft:water_bucket":1,"minecraft:leather_leggings":1,"minecraft:stone_sword":44,"minecraft:stone_pickaxe":76,"minecraft:spruce_planks":1,"minecraft:wooden_pickaxe":14,"minecraft:iron_sword":44,"minecraft:cooked_chicken":2,"minecraft:iron_chestplate":1,"minecraft:torch":42,"minecraft:dirt":29,"minecraft:mutton":2,"minecraft:crafting_table":5,"minecraft:white_bed":1,"minecraft:wooden_axe":11,"minecraft:iron_axe":17,"minecraft:suspicious_stew":1,"minecraft:iron_pickaxe":224,"minecraft:iron_helmet":1,"minecraft:iron_boots":1,"minecraft:stone_axe":2,"minecraft:cobblestone":130,"minecraft:furnace":1,"minecraft:porkchop":3,"minecraft:bucket":2,"minecraft:cooked_beef":13,"minecraft:cobbled_deepslate":26,"minecraft:iron_leggings":1}},"DataVersion":3465}