{"stats":{"minecraft:mined":{"minecraft:grass":1},"minecraft:picked_up":{"minecraft:oak_door":1,"minecraft:rotten_flesh":2,"minecraft:totem_of_undying":3},"minecraft:custom":{"minecraft:time_since_rest":9583,"minecraft:deaths":2,"minecraft:sprint_one_cm":8950,"minecraft:play_time":25819,"minecraft:walk_one_cm":8156,"minecraft:damage_taken":899999863,"minecraft:damage_absorbed":252,"minecraft:sneak_time":90,"minecraft:jump":171,"minecraft:leave_game":1,"minecraft:walk_on_water_one_cm":111,"minecraft:time_since_death":9577,"minecraft:total_world_time":25819,"minecraft:damage_resisted":8,"minecraft:fall_one_cm":2703,"minecraft:fly_one_cm":65531},"minecraft:used":{"minecraft:birch_door":1,"minecraft:oak_door":2,"minecraft:mangrove_door":2,"minecraft:spruce_door":1,"minecraft:acacia_door":1,"minecraft:totem_of_undying":7}},"DataVersion":3465}