{"stats":{"minecraft:picked_up":{"minecraft:totem_of_undying":3,"minecraft:oak_door":1,"minecraft:rotten_flesh":2},"minecraft:custom":{"minecraft:jump":56,"minecraft:time_since_rest":3771,"minecraft:leave_game":1,"minecraft:walk_on_water_one_cm":111,"minecraft:deaths":2,"minecraft:damage_absorbed":240,"minecraft:sprint_one_cm":2843,"minecraft:play_time":20007,"minecraft:damage_taken":899999863,"minecraft:time_since_death":3765,"minecraft:walk_one_cm":6438,"minecraft:sneak_time":90,"minecraft:total_world_time":20007,"minecraft:fly_one_cm":29720},"minecraft:used":{"minecraft:birch_door":1,"minecraft:oak_door":2,"minecraft:mangrove_door":2,"minecraft:acacia_door":1,"minecraft:spruce_door":1,"minecraft:totem_of_undying":7}},"DataVersion":3465}