{"stats":{"minecraft:crafted":{"minecraft:oak_planks":48,"minecraft:cooked_chicken":1,"minecraft:cooked_mutton":2,"minecraft:stone_pickaxe":1,"minecraft:cooked_porkchop":1,"minecraft:crafting_table":1,"minecraft:diamond_axe":1,"minecraft:wooden_pickaxe":1,"minecraft:stone_axe":1,"minecraft:air":0,"minecraft:diamond_pickaxe":1,"minecraft:stick":32,"minecraft:wooden_axe":1,"minecraft:stone_sword":1,"minecraft:iron_shovel":1,"minecraft:torch":60},"minecraft:dropped":{"modminds:nutritotem":3,"minecraft:cooked_beef":4,"minecraft:diamond":1,"minecraft:cooked_porkchop":1,"minecraft:oak_fence":6,"minecraft:cobblestone":1,"minecraft:feather":2,"minecraft:granite":4,"dedsafio_3:dedita_gold":1,"minecraft:stick":2,"minecraft:dirt":2,"minecraft:golden_carrot":2,"minecraft:wooden_axe":2,"minecraft:iron_shovel":1,"minecraft:string":2,"minecraft:white_wool":1,"minecraft:bone":3,"minecraft:gravel":2,"minecraft:cooked_chicken":1,"minecraft:raw_copper":49,"minecraft:raw_iron":9,"minecraft:pointed_dripstone":8,"minecraft:oak_planks":1,"dedsafio_3:deditas":16,"minecraft:shield":1,"minecraft:wooden_pickaxe":1},"minecraft:picked_up":{"minecraft:wooden_axe":1,"minecraft:crafting_table":3,"minecraft:ladder":3,"minecraft:oak_stairs":1,"minecraft:shield":1,"minecraft:raw_copper":49,"minecraft:string":6,"minecraft:iron_shovel":1,"minecraft:diamond_leggings":1,"minecraft:cobbled_deepslate":12,"minecraft:lectern":56,"minecraft:egg":1,"minecraft:raw_iron":37,"dedsafio_3:casino_d_3":1,"minecraft:oak_door":1,"minecraft:oak_fence":6,"minecraft:torch":58,"minecraft:pointed_dripstone":8,"minecraft:redstone":22,"minecraft:tnt":9,"minecraft:rotten_flesh":3,"minecraft:stone_sword":1,"minecraft:arrow":1,"minecraft:diamond_chestplate":1,"minecraft:diamond_boots":1,"minecraft:gold_ingot":2,"minecraft:totem_of_undying":10,"minecraft:mutton":2,"minecraft:white_wool":1,"minecraft:cobblestone":80,"minecraft:feather":2,"minecraft:cooked_beef":4,"minecraft:golden_carrot":3,"minecraft:andesite":41,"minecraft:smoker":3,"minecraft:oak_log":14,"dedsafio_3:cetro_ancestral":1,"dedsafio_3:deditas":16,"minecraft:dirt":261,"minecraft:name_tag":2,"minecraft:bone":3,"minecraft:raw_gold":8,"minecraft:iron_ingot":4,"minecraft:stone_pickaxe":1,"minecraft:diamond_helmet":1,"minecraft:oak_planks":32,"minecraft:book":6,"minecraft:gravel":2,"minecraft:white_bed":1,"minecraft:slime_ball":1,"minecraft:diamond":7,"minecraft:stone_axe":1,"minecraft:granite":14,"minecraft:bread":4,"minecraft:coal":97},"minecraft:broken":{"minecraft:iron_shovel":1},"minecraft:mined":{"minecraft:white_bed":1,"dedsafio_3:casino_d_3":1,"minecraft:ladder":3,"minecraft:glow_lichen":1,"minecraft:granite":3,"minecraft:grass_block":134,"minecraft:redstone_ore":3,"minecraft:iron_ore":20,"minecraft:andesite":38,"minecraft:bookshelf":1,"minecraft:deepslate_iron_ore":1,"minecraft:rail":4,"minecraft:stone":44,"minecraft:smoker":1,"minecraft:oak_fence":3,"minecraft:crafting_table":2,"minecraft:torch":3,"minecraft:lectern":56,"minecraft:copper_ore":5,"minecraft:cobblestone":5,"minecraft:oak_planks":10,"minecraft:wall_torch":5,"minecraft:deepslate_copper_ore":2,"minecraft:grass":5,"minecraft:coal_ore":24,"minecraft:oak_log":11,"minecraft:dirt":128,"minecraft:cobweb":2,"minecraft:gold_ore":3,"minecraft:oak_leaves":2,"minecraft:deepslate":7},"minecraft:killed":{"dedsafio_3:tiki":1,"dedsafio_3:medusa":4,"dedsafio_3:esquelo_dog":1,"minecraft:spider":1,"dedsafio_3:rana_gigante":1,"minecraft:skeleton":2,"dedsafio_3:fogata":1,"dedsafio_3:wild_fire":1,"dedsafio_3:fantasma_rojo":4,"dedsafio_3:creeper_warden":1,"dedsafio_3:r_evill_boss":1,"dedsafio_3:sapo":1,"minecraft:sheep":1,"minecraft:zombie":1,"dedsafio_3:revil":2,"minecraft:villager":4,"dedsafio_3:creeper_cake":3},"minecraft:custom":{"minecraft:mob_kills":30,"minecraft:interact_with_crafting_table":11,"minecraft:leave_game":12,"minecraft:time_since_death":58965,"minecraft:damage_resisted":1382,"minecraft:climb_one_cm":1874,"minecraft:sprint_one_cm":266810,"minecraft:walk_one_cm":252621,"minecraft:drop":32,"minecraft:damage_dealt_absorbed":20,"minecraft:talked_to_villager":70,"minecraft:play_time":195347,"minecraft:deaths":6,"minecraft:sneak_time":3408,"minecraft:walk_under_water_one_cm":220,"minecraft:jump":2839,"minecraft:walk_on_water_one_cm":6222,"minecraft:total_world_time":195347,"minecraft:interact_with_furnace":4,"minecraft:sleep_in_bed":5,"minecraft:time_since_rest":28447,"minecraft:damage_taken":900003402,"minecraft:damage_absorbed":252,"minecraft:damage_dealt":18347,"minecraft:swim_one_cm":4239,"minecraft:fly_one_cm":738368,"minecraft:open_chest":17,"minecraft:crouch_one_cm":7573,"minecraft:interact_with_smoker":14,"minecraft:fall_one_cm":88826,"minecraft:horse_one_cm":272},"minecraft:used":{"minecraft:stone_sword":49,"minecraft:iron_shovel":258,"minecraft:ladder":3,"dedsafio_3:medusa_spawn_egg":1,"dedsafio_3:revil_spawn_egg":2,"minecraft:rotten_flesh":1,"dedsafio_3:fantasma_rojo_spawn_egg":6,"minecraft:oak_door":2,"minecraft:torch":18,"minecraft:dirt":42,"minecraft:diamond_helmet":1,"minecraft:granite":4,"dedsafio_3:casino_d_3":1,"minecraft:birch_door":1,"minecraft:wooden_axe":1,"minecraft:villager_spawn_egg":4,"dedsafio_3:flashbang_spawn_egg":4,"minecraft:totem_of_undying":11,"minecraft:golden_carrot":11,"minecraft:cooked_mutton":2,"minecraft:diamond_boots":1,"minecraft:spruce_door":1,"minecraft:stone_pickaxe":81,"minecraft:oak_planks":10,"minecraft:wooden_pickaxe":6,"minecraft:fletching_table":2,"minecraft:diamond_axe":88,"minecraft:crafting_table":2,"minecraft:white_bed":7,"dedsafio_3:manzana":4,"dedsafio_3:infernal_sword":23,"dedsafio_3:fogata_spawn_egg":1,"minecraft:smoker":1,"minecraft:diamond_pickaxe":4,"minecraft:mangrove_door":2,"minecraft:acacia_door":1,"minecraft:bread":4,"minecraft:iron_pickaxe":73,"minecraft:lectern":55,"dedsafio_3:tiki_spawn_egg":1,"minecraft:stone_axe":4,"minecraft:cobblestone":5,"minecraft:andesite":41,"dedsafio_3:wild_fire_spawn_egg":1,"dedsafio_3:r_evill_boss_spawn_egg":1}},"DataVersion":3465}