{"stats":{"minecraft:killed":{"minecraft:sheep":1,"minecraft:zombie":1,"dedsafio_3:sapo":1,"dedsafio_3:medusa":3,"dedsafio_3:esquelo_dog":1,"dedsafio_3:creeper_cake":3,"dedsafio_3:creeper_warden":1},"minecraft:custom":{"minecraft:time_since_rest":53219,"minecraft:sprint_one_cm":145483,"minecraft:walk_one_cm":74760,"minecraft:damage_taken":900001683,"minecraft:damage_absorbed":252,"minecraft:mob_kills":11,"minecraft:drop":7,"minecraft:damage_dealt":2492,"minecraft:interact_with_crafting_table":3,"minecraft:fly_one_cm":522659,"minecraft:crouch_one_cm":617,"minecraft:play_time":102858,"minecraft:deaths":5,"minecraft:sneak_time":1109,"minecraft:jump":1693,"minecraft:leave_game":11,"minecraft:walk_on_water_one_cm":926,"minecraft:time_since_death":53216,"minecraft:damage_resisted":1382,"minecraft:total_world_time":102858,"minecraft:fall_one_cm":56037,"minecraft:horse_one_cm":272},"minecraft:used":{"minecraft:birch_door":1,"minecraft:wooden_axe":1,"minecraft:stone_sword":5,"minecraft:mangrove_door":2,"minecraft:spruce_door":1,"minecraft:acacia_door":1,"minecraft:stone_pickaxe":40,"minecraft:oak_planks":1,"minecraft:wooden_pickaxe":6,"minecraft:totem_of_undying":10,"minecraft:torch":12,"minecraft:stone_axe":4,"minecraft:oak_door":2,"minecraft:cobblestone":1,"minecraft:golden_carrot":5,"minecraft:crafting_table":2,"dedsafio_3:manzana":4,"dedsafio_3:infernal_sword":23},"minecraft:crafted":{"minecraft:oak_planks":44,"minecraft:crafting_table":1,"minecraft:stick":24,"minecraft:wooden_pickaxe":1,"minecraft:stone_pickaxe":1,"minecraft:wooden_axe":1,"minecraft:stone_sword":1,"minecraft:torch":60,"minecraft:stone_axe":1},"minecraft:mined":{"minecraft:grass_block":1,"minecraft:crafting_table":2,"minecraft:glow_lichen":1,"minecraft:grass":3,"minecraft:coal_ore":24,"minecraft:oak_log":11,"minecraft:cobblestone":1,"minecraft:stone":20,"minecraft:oak_planks":1,"minecraft:oak_leaves":1},"minecraft:picked_up":{"minecraft:crafting_table":2,"minecraft:oak_door":1,"minecraft:gravel":2,"minecraft:oak_log":11,"minecraft:dirt":2,"minecraft:rotten_flesh":3,"minecraft:slime_ball":1,"minecraft:totem_of_undying":9,"minecraft:oak_planks":1,"minecraft:mutton":2,"minecraft:coal":25,"minecraft:white_wool":1,"minecraft:cobblestone":22,"minecraft:egg":1},"minecraft:dropped":{"minecraft:gravel":2,"minecraft:golden_carrot":2,"minecraft:wooden_axe":1,"minecraft:cobblestone":1,"minecraft:wooden_pickaxe":1}},"DataVersion":3465}