{"stats":{"minecraft:crafted":{"minecraft:oak_planks":48,"minecraft:cooked_chicken":1,"minecraft:bone_meal":192,"minecraft:cooked_mutton":2,"minecraft:diamond_leggings":2,"minecraft:diamond_helmet":2,"minecraft:stone_pickaxe":1,"minecraft:chest":3,"minecraft:diamond_boots":2,"minecraft:emerald":61,"minecraft:cooked_porkchop":1,"minecraft:crafting_table":1,"minecraft:diamond_axe":1,"minecraft:spruce_planks":1208,"minecraft:wooden_pickaxe":1,"minecraft:stone_axe":1,"minecraft:air":0,"minecraft:diamond_pickaxe":1,"minecraft:stick":1984,"minecraft:wooden_axe":1,"minecraft:stone_sword":1,"minecraft:iron_shovel":1,"minecraft:torch":60,"minecraft:diamond_chestplate":2},"minecraft:dropped":{"minecraft:iron_sword":1,"modminds:nutritotem":7,"minecraft:birch_planks":3,"minecraft:diamond_axe":2,"minecraft:cooked_beef":4,"minecraft:baked_potato":64,"minecraft:diamond":1,"minecraft:smooth_quartz_stairs":64,"minecraft:dripstone_block":2,"minecraft:cooked_porkchop":1,"minecraft:iron_helmet":1,"minecraft:diamond_leggings":1,"minecraft:oak_fence":6,"minecraft:cobblestone":1,"minecraft:feather":2,"minecraft:granite":5,"minecraft:spruce_stairs":128,"minecraft:grass_block":512,"dedsafio_3:dedita_gold":1,"minecraft:lava_bucket":2,"minecraft:spruce_fence_gate":512,"minecraft:stick":2,"minecraft:oxeye_daisy":1,"dedsafio_3:alma_golem":1,"minecraft:dirt":2,"minecraft:packed_ice":5,"minecraft:ice":3,"minecraft:golden_carrot":3,"minecraft:torch":57,"modminds:totemeon":6,"minecraft:wooden_axe":2,"minecraft:diamond_helmet":2,"minecraft:iron_leggings":1,"minecraft:oak_stairs":1,"minecraft:iron_axe":1,"minecraft:iron_pickaxe":1,"minecraft:iron_shovel":1,"minecraft:string":2,"minecraft:white_wool":1,"minecraft:dandelion":1,"minecraft:bone":3,"minecraft:gravel":2,"minecraft:cooked_chicken":1,"minecraft:raw_copper":49,"minecraft:raw_iron":9,"minecraft:pointed_dripstone":8,"minecraft:oak_planks":1,"minecraft:iron_boots":1,"minecraft:diamond_shovel":2,"minecraft:name_tag":5,"dedsafio_3:deditas":56,"minecraft:white_bed":13,"minecraft:spruce_fence":64,"minecraft:diamond_sword":2,"minecraft:potato":1627,"minecraft:shield":4,"minecraft:diamond_chestplate":2,"minecraft:spruce_trapdoor":1,"minecraft:spruce_planks":680,"minecraft:iron_chestplate":1,"minecraft:hopper":13,"minecraft:ladder":128,"minecraft:spider_eye":10,"minecraft:diamond_boots":2,"minecraft:glass":128,"minecraft:campfire":64,"minecraft:wooden_pickaxe":1},"minecraft:picked_up":{"minecraft:wooden_axe":1,"minecraft:crafting_table":3,"minecraft:lead":2,"minecraft:ladder":3,"minecraft:packed_ice":1,"minecraft:diamond_sword":7,"minecraft:oak_stairs":1,"minecraft:shield":4,"minecraft:raw_copper":49,"minecraft:string":32,"minecraft:iron_shovel":5,"minecraft:diamond_leggings":5,"minecraft:cobbled_deepslate":22,"minecraft:spruce_planks":400,"minecraft:lectern":178,"minecraft:spruce_trapdoor":1,"minecraft:egg":1,"minecraft:stick":23,"minecraft:raw_iron":37,"dedsafio_3:casino_d_3":1,"minecraft:oak_door":1,"minecraft:oak_fence":6,"minecraft:torch":373,"dedsafio_3:alma_golem":7,"minecraft:pointed_dripstone":8,"minecraft:carrot":53,"minecraft:redstone":22,"minecraft:tnt":9,"minecraft:rotten_flesh":3,"minecraft:stone_sword":1,"minecraft:arrow":1,"minecraft:diamond_chestplate":6,"minecraft:diamond_boots":6,"minecraft:gold_ingot":2,"minecraft:totem_of_undying":10,"minecraft:mutton":2,"minecraft:oxeye_daisy":1,"minecraft:white_wool":1,"minecraft:cobblestone":102,"minecraft:feather":2,"minecraft:cooked_beef":4,"minecraft:golden_carrot":3,"minecraft:andesite":41,"dedsafio_3:revil_spawn_egg":4,"minecraft:leather":6,"minecraft:potato":335,"minecraft:smoker":3,"minecraft:birch_planks":6,"minecraft:ice":3,"minecraft:oak_log":14,"dedsafio_3:cetro_ancestral":1,"dedsafio_3:deditas":144,"minecraft:gunpowder":1,"minecraft:dirt":374,"minecraft:name_tag":2,"minecraft:bone":67,"minecraft:wheat_seeds":2,"minecraft:raw_gold":13,"minecraft:iron_ingot":14,"minecraft:stone_pickaxe":1,"modminds:nutritotem":1,"minecraft:diamond_helmet":5,"minecraft:oak_planks":47,"minecraft:book":6,"minecraft:dandelion":2,"minecraft:dripstone_block":4,"minecraft:gravel":2,"minecraft:spruce_sapling":6,"minecraft:spruce_log":308,"minecraft:white_bed":2,"minecraft:spider_eye":74,"minecraft:diamond_shovel":1,"minecraft:slime_ball":1,"minecraft:diamond":7,"minecraft:stone_axe":1,"minecraft:diamond_axe":5,"minecraft:granite":14,"minecraft:bone_meal":684,"minecraft:bread":4,"minecraft:baked_potato":272,"minecraft:coal":97,"minecraft:diamond_pickaxe":4},"minecraft:broken":{"minecraft:iron_shovel":1},"minecraft:killed_by":{"minecraft:player":3,"minecraft:iron_golem":1},"minecraft:mined":{"minecraft:white_bed":2,"dedsafio_3:casino_d_3":1,"minecraft:ladder":3,"minecraft:glow_lichen":1,"minecraft:granite":3,"minecraft:grass_block":134,"minecraft:spruce_leaves":3,"minecraft:oxeye_daisy":1,"minecraft:spawner":1,"minecraft:redstone_ore":3,"minecraft:spruce_sapling":1,"minecraft:iron_ore":20,"minecraft:fire":3,"minecraft:andesite":39,"minecraft:bookshelf":1,"minecraft:pointed_dripstone":4,"minecraft:deepslate_iron_ore":1,"minecraft:rail":4,"minecraft:stone":45,"minecraft:smoker":1,"minecraft:dandelion":1,"minecraft:oak_fence":3,"minecraft:crafting_table":2,"minecraft:torch":3,"minecraft:lectern":178,"minecraft:tall_grass":7,"minecraft:copper_ore":5,"minecraft:cobblestone":5,"minecraft:oak_planks":16,"minecraft:wall_torch":5,"minecraft:deepslate_copper_ore":2,"minecraft:spruce_log":154,"minecraft:grass":21,"minecraft:coal_ore":24,"minecraft:oak_log":11,"minecraft:dripstone_block":2,"minecraft:dirt":130,"minecraft:cobweb":7,"minecraft:gold_ore":5,"minecraft:oak_leaves":2,"minecraft:deepslate":10},"minecraft:killed":{"dedsafio_3:tiki":1,"minecraft:cave_spider":11,"dedsafio_3:medusa":4,"dedsafio_3:esquelo_dog":1,"minecraft:spider":48,"dedsafio_3:rana_gigante":4,"minecraft:skeleton":2,"dedsafio_3:fogata":1,"dedsafio_3:wild_fire":1,"dedsafio_3:fantasma_rojo":4,"dedsafio_3:creeper_warden":1,"dedsafio_3:r_evill_boss":1,"dedsafio_3:sapo":1,"minecraft:wandering_trader":2,"minecraft:creeper":2,"minecraft:sheep":1,"minecraft:trader_llama":2,"minecraft:zombie":3,"dedsafio_3:revil":2,"minecraft:villager":5,"dedsafio_3:creeper_cake":6},"minecraft:custom":{"minecraft:mob_kills":104,"minecraft:inspect_hopper":3,"minecraft:interact_with_crafting_table":13,"minecraft:leave_game":13,"minecraft:time_since_death":105708,"minecraft:damage_resisted":1382,"minecraft:climb_one_cm":12766,"minecraft:sprint_one_cm":532573,"minecraft:walk_one_cm":574075,"minecraft:drop":187,"minecraft:damage_dealt_absorbed":20,"minecraft:talked_to_villager":250,"minecraft:play_time":406289,"minecraft:deaths":10,"minecraft:sneak_time":8646,"minecraft:walk_under_water_one_cm":1293,"minecraft:jump":5558,"minecraft:interact_with_blast_furnace":3,"minecraft:walk_on_water_one_cm":23225,"minecraft:total_world_time":406289,"minecraft:interact_with_furnace":4,"minecraft:traded_with_villager":61,"minecraft:sleep_in_bed":14,"minecraft:time_since_rest":70329,"minecraft:damage_taken":900011329,"minecraft:damage_absorbed":807,"minecraft:damage_dealt":34446,"minecraft:swim_one_cm":4476,"minecraft:fly_one_cm":1413213,"minecraft:player_kills":4,"minecraft:open_chest":85,"minecraft:crouch_one_cm":17385,"minecraft:interact_with_smoker":14,"minecraft:fall_one_cm":167518,"minecraft:horse_one_cm":272},"minecraft:used":{"minecraft:stone_sword":49,"minecraft:iron_shovel":262,"minecraft:ladder":3,"minecraft:shield":1,"minecraft:chest":6,"dedsafio_3:medusa_spawn_egg":1,"dedsafio_3:revil_spawn_egg":2,"minecraft:rotten_flesh":1,"dedsafio_3:fantasma_rojo_spawn_egg":6,"minecraft:oak_door":2,"minecraft:torch":20,"minecraft:dirt":188,"minecraft:diamond_helmet":1,"minecraft:granite":5,"dedsafio_3:casino_d_3":1,"minecraft:birch_door":1,"minecraft:wooden_axe":1,"minecraft:packed_ice":4,"minecraft:grass_block":65,"minecraft:villager_spawn_egg":4,"dedsafio_3:flashbang_spawn_egg":5,"minecraft:spawner":9,"minecraft:totem_of_undying":11,"minecraft:golden_carrot":31,"minecraft:spider_spawn_egg":4,"minecraft:cooked_mutton":2,"minecraft:diamond_boots":1,"minecraft:spruce_door":1,"minecraft:baked_potato":31,"minecraft:stone_pickaxe":81,"minecraft:oak_planks":18,"minecraft:wooden_pickaxe":6,"minecraft:fletching_table":5,"minecraft:diamond_axe":458,"minecraft:cobblestone_slab":17,"minecraft:crafting_table":2,"minecraft:blue_ice":7,"minecraft:white_bed":23,"dedsafio_3:manzana":4,"dedsafio_3:infernal_sword":23,"dedsafio_3:fogata_spawn_egg":1,"minecraft:spruce_log":9,"minecraft:smoker":1,"minecraft:diamond_pickaxe":9,"minecraft:mangrove_door":2,"minecraft:acacia_door":1,"minecraft:bread":4,"minecraft:oak_button":6,"minecraft:iron_pickaxe":87,"minecraft:lectern":180,"dedsafio_3:tiki_spawn_egg":1,"minecraft:spruce_trapdoor":54,"minecraft:spruce_sapling":15,"minecraft:stone_axe":4,"minecraft:diamond_sword":160,"minecraft:cobblestone":5,"minecraft:andesite":41,"dedsafio_3:wild_fire_spawn_egg":1,"dedsafio_3:r_evill_boss_spawn_egg":1,"minecraft:dandelion":1,"minecraft:bone_meal":23}},"DataVersion":3465}