{"stats":{"minecraft:crafted":{"minecraft:oak_planks":48,"minecraft:cooked_porkchop":1,"minecraft:diamond_axe":1,"minecraft:crafting_table":1,"minecraft:cooked_chicken":1,"minecraft:wooden_pickaxe":1,"minecraft:stone_axe":1,"minecraft:cooked_mutton":2,"minecraft:air":0,"minecraft:diamond_pickaxe":1,"minecraft:stick":32,"minecraft:stone_pickaxe":1,"minecraft:wooden_axe":1,"minecraft:stone_sword":1,"minecraft:iron_shovel":1,"minecraft:torch":60},"minecraft:dropped":{"minecraft:gravel":2,"modminds:nutritotem":3,"minecraft:cooked_chicken":1,"minecraft:cooked_beef":4,"minecraft:diamond":1,"minecraft:cooked_porkchop":1,"minecraft:pointed_dripstone":8,"minecraft:raw_iron":9,"minecraft:feather":2,"minecraft:cobblestone":1,"minecraft:oak_planks":1,"dedsafio_3:deditas":16,"dedsafio_3:dedita_gold":1,"minecraft:dirt":2,"minecraft:shield":1,"minecraft:golden_carrot":2,"minecraft:wooden_axe":2,"minecraft:wooden_pickaxe":1,"minecraft:string":2,"minecraft:white_wool":1,"minecraft:bone":3},"minecraft:picked_up":{"minecraft:wooden_axe":1,"minecraft:crafting_table":3,"minecraft:feather":2,"minecraft:cooked_beef":4,"minecraft:golden_carrot":3,"minecraft:oak_stairs":1,"minecraft:smoker":3,"dedsafio_3:deditas":16,"minecraft:oak_log":14,"dedsafio_3:cetro_ancestral":1,"minecraft:shield":1,"minecraft:dirt":50,"minecraft:string":6,"minecraft:name_tag":2,"minecraft:bone":3,"minecraft:diamond_leggings":1,"minecraft:cobbled_deepslate":2,"minecraft:iron_ingot":4,"minecraft:stone_pickaxe":1,"minecraft:diamond_helmet":1,"minecraft:lectern":56,"minecraft:oak_planks":31,"minecraft:book":6,"minecraft:egg":1,"minecraft:raw_iron":37,"dedsafio_3:casino_d_3":1,"minecraft:oak_door":1,"minecraft:torch":57,"minecraft:gravel":2,"minecraft:pointed_dripstone":8,"minecraft:diamond_chestplate":1,"minecraft:stone_sword":1,"minecraft:arrow":1,"minecraft:rotten_flesh":3,"minecraft:slime_ball":1,"minecraft:diamond":7,"minecraft:stone_axe":1,"minecraft:diamond_boots":1,"minecraft:granite":8,"minecraft:gold_ingot":2,"minecraft:bread":4,"minecraft:totem_of_undying":10,"minecraft:mutton":2,"minecraft:coal":97,"minecraft:white_wool":1,"minecraft:cobblestone":56},"minecraft:mined":{"minecraft:smoker":1,"dedsafio_3:casino_d_3":1,"minecraft:crafting_table":2,"minecraft:glow_lichen":1,"minecraft:torch":2,"minecraft:granite":3,"minecraft:grass_block":53,"minecraft:lectern":56,"minecraft:cobblestone":3,"minecraft:oak_planks":7,"minecraft:wall_torch":4,"minecraft:iron_ore":20,"minecraft:bookshelf":1,"minecraft:grass":3,"minecraft:oak_log":11,"minecraft:coal_ore":24,"minecraft:deepslate_iron_ore":1,"minecraft:dirt":2,"minecraft:cobweb":2,"minecraft:stone":32,"minecraft:deepslate":1,"minecraft:oak_leaves":2},"minecraft:killed":{"dedsafio_3:r_evill_boss":1,"dedsafio_3:tiki":1,"dedsafio_3:sapo":1,"dedsafio_3:medusa":4,"dedsafio_3:esquelo_dog":1,"minecraft:spider":1,"dedsafio_3:rana_gigante":1,"minecraft:sheep":1,"minecraft:skeleton":2,"dedsafio_3:revil":2,"minecraft:zombie":1,"dedsafio_3:fogata":1,"dedsafio_3:wild_fire":1,"dedsafio_3:fantasma_rojo":4,"dedsafio_3:creeper_cake":3,"dedsafio_3:creeper_warden":1},"minecraft:custom":{"minecraft:interact_with_furnace":2,"minecraft:mob_kills":26,"minecraft:interact_with_crafting_table":11,"minecraft:leave_game":12,"minecraft:time_since_death":34965,"minecraft:sleep_in_bed":5,"minecraft:damage_resisted":1382,"minecraft:time_since_rest":4447,"minecraft:sprint_one_cm":239985,"minecraft:damage_absorbed":252,"minecraft:damage_taken":900003147,"minecraft:walk_one_cm":194978,"minecraft:drop":27,"minecraft:damage_dealt":17388,"minecraft:damage_dealt_absorbed":20,"minecraft:swim_one_cm":4239,"minecraft:talked_to_villager":70,"minecraft:fly_one_cm":694871,"minecraft:open_chest":16,"minecraft:crouch_one_cm":2258,"minecraft:play_time":171347,"minecraft:deaths":6,"minecraft:sneak_time":2247,"minecraft:walk_under_water_one_cm":220,"minecraft:jump":2624,"minecraft:walk_on_water_one_cm":3525,"minecraft:interact_with_smoker":14,"minecraft:total_world_time":171347,"minecraft:fall_one_cm":83405,"minecraft:horse_one_cm":272},"minecraft:used":{"minecraft:cooked_mutton":2,"minecraft:diamond_boots":1,"minecraft:stone_sword":49,"minecraft:iron_shovel":53,"minecraft:spruce_door":1,"minecraft:stone_pickaxe":81,"minecraft:oak_planks":10,"minecraft:diamond_axe":63,"minecraft:wooden_pickaxe":6,"dedsafio_3:revil_spawn_egg":2,"dedsafio_3:medusa_spawn_egg":1,"minecraft:fletching_table":2,"dedsafio_3:fantasma_rojo_spawn_egg":6,"minecraft:rotten_flesh":1,"minecraft:oak_door":2,"minecraft:torch":17,"minecraft:dirt":10,"minecraft:crafting_table":2,"minecraft:diamond_helmet":1,"minecraft:white_bed":1,"dedsafio_3:manzana":4,"dedsafio_3:infernal_sword":23,"dedsafio_3:fogata_spawn_egg":1,"dedsafio_3:casino_d_3":1,"minecraft:smoker":1,"minecraft:birch_door":1,"minecraft:wooden_axe":1,"minecraft:acacia_door":1,"minecraft:mangrove_door":2,"dedsafio_3:flashbang_spawn_egg":4,"minecraft:bread":4,"minecraft:lectern":55,"dedsafio_3:tiki_spawn_egg":1,"minecraft:totem_of_undying":11,"minecraft:stone_axe":4,"minecraft:golden_carrot":10,"minecraft:cobblestone":5,"dedsafio_3:wild_fire_spawn_egg":1,"dedsafio_3:r_evill_boss_spawn_egg":1}},"DataVersion":3465}