{"stats":{"minecraft:crafted":{"minecraft:oak_planks":48,"minecraft:cooked_chicken":1,"minecraft:bone_meal":192,"minecraft:cooked_mutton":2,"minecraft:stone_pickaxe":1,"minecraft:chest":3,"minecraft:emerald":61,"minecraft:cooked_porkchop":1,"minecraft:crafting_table":1,"minecraft:diamond_axe":1,"minecraft:spruce_planks":976,"minecraft:wooden_pickaxe":1,"minecraft:stone_axe":1,"minecraft:air":0,"minecraft:diamond_pickaxe":1,"minecraft:stick":1984,"minecraft:wooden_axe":1,"minecraft:stone_sword":1,"minecraft:iron_shovel":1,"minecraft:torch":60},"minecraft:dropped":{"modminds:nutritotem":4,"minecraft:birch_planks":3,"minecraft:diamond_axe":1,"minecraft:cooked_beef":4,"minecraft:diamond":1,"minecraft:dripstone_block":2,"minecraft:cooked_porkchop":1,"minecraft:oak_fence":6,"minecraft:cobblestone":1,"minecraft:feather":2,"minecraft:granite":5,"dedsafio_3:dedita_gold":1,"minecraft:stick":2,"minecraft:oxeye_daisy":1,"dedsafio_3:alma_golem":1,"minecraft:dirt":2,"minecraft:packed_ice":5,"minecraft:ice":3,"minecraft:golden_carrot":3,"minecraft:torch":57,"minecraft:wooden_axe":2,"minecraft:diamond_helmet":1,"minecraft:oak_stairs":1,"minecraft:iron_pickaxe":1,"minecraft:iron_shovel":1,"minecraft:string":2,"minecraft:white_wool":1,"minecraft:dandelion":1,"minecraft:bone":3,"minecraft:gravel":2,"minecraft:cooked_chicken":1,"minecraft:raw_copper":49,"minecraft:raw_iron":9,"minecraft:pointed_dripstone":8,"minecraft:oak_planks":1,"dedsafio_3:deditas":16,"minecraft:diamond_sword":2,"minecraft:potato":1627,"minecraft:shield":2,"minecraft:diamond_chestplate":1,"minecraft:spruce_trapdoor":1,"minecraft:spider_eye":10,"minecraft:diamond_boots":1,"minecraft:wooden_pickaxe":1},"minecraft:picked_up":{"minecraft:wooden_axe":1,"minecraft:crafting_table":3,"minecraft:ladder":3,"minecraft:packed_ice":1,"minecraft:diamond_sword":4,"minecraft:oak_stairs":1,"minecraft:shield":2,"minecraft:raw_copper":49,"minecraft:string":32,"minecraft:iron_shovel":2,"minecraft:diamond_leggings":2,"minecraft:cobbled_deepslate":22,"minecraft:lectern":172,"minecraft:spruce_trapdoor":1,"minecraft:egg":1,"minecraft:stick":3,"minecraft:raw_iron":37,"dedsafio_3:casino_d_3":1,"minecraft:oak_door":1,"minecraft:oak_fence":6,"minecraft:torch":178,"dedsafio_3:alma_golem":2,"minecraft:pointed_dripstone":8,"minecraft:redstone":22,"minecraft:tnt":9,"minecraft:rotten_flesh":3,"minecraft:stone_sword":1,"minecraft:arrow":1,"minecraft:diamond_chestplate":3,"minecraft:diamond_boots":3,"minecraft:gold_ingot":2,"minecraft:totem_of_undying":10,"minecraft:mutton":2,"minecraft:oxeye_daisy":1,"minecraft:white_wool":1,"minecraft:cobblestone":101,"minecraft:feather":2,"minecraft:cooked_beef":4,"minecraft:golden_carrot":3,"minecraft:andesite":41,"dedsafio_3:revil_spawn_egg":1,"minecraft:potato":83,"minecraft:smoker":3,"minecraft:birch_planks":6,"minecraft:ice":3,"minecraft:oak_log":14,"dedsafio_3:cetro_ancestral":1,"dedsafio_3:deditas":36,"minecraft:dirt":302,"minecraft:name_tag":2,"minecraft:bone":67,"minecraft:raw_gold":13,"minecraft:iron_ingot":6,"minecraft:stone_pickaxe":1,"minecraft:diamond_helmet":2,"minecraft:oak_planks":35,"minecraft:book":6,"minecraft:dandelion":2,"minecraft:dripstone_block":4,"minecraft:gravel":2,"minecraft:spruce_sapling":6,"minecraft:spruce_log":244,"minecraft:white_bed":2,"minecraft:spider_eye":34,"minecraft:slime_ball":1,"minecraft:diamond":7,"minecraft:stone_axe":1,"minecraft:diamond_axe":1,"minecraft:granite":14,"minecraft:bone_meal":171,"minecraft:bread":4,"minecraft:coal":97,"minecraft:diamond_pickaxe":1},"minecraft:broken":{"minecraft:iron_shovel":1},"minecraft:killed_by":{"minecraft:iron_golem":1},"minecraft:mined":{"minecraft:white_bed":2,"dedsafio_3:casino_d_3":1,"minecraft:ladder":3,"minecraft:glow_lichen":1,"minecraft:granite":3,"minecraft:grass_block":134,"minecraft:spruce_leaves":3,"minecraft:oxeye_daisy":1,"minecraft:spawner":1,"minecraft:redstone_ore":3,"minecraft:spruce_sapling":1,"minecraft:iron_ore":20,"minecraft:andesite":39,"minecraft:bookshelf":1,"minecraft:pointed_dripstone":4,"minecraft:deepslate_iron_ore":1,"minecraft:rail":4,"minecraft:stone":45,"minecraft:smoker":1,"minecraft:dandelion":1,"minecraft:oak_fence":3,"minecraft:crafting_table":2,"minecraft:torch":3,"minecraft:lectern":172,"minecraft:tall_grass":7,"minecraft:copper_ore":5,"minecraft:cobblestone":5,"minecraft:oak_planks":10,"minecraft:wall_torch":5,"minecraft:deepslate_copper_ore":2,"minecraft:spruce_log":154,"minecraft:grass":19,"minecraft:coal_ore":24,"minecraft:oak_log":11,"minecraft:dripstone_block":2,"minecraft:dirt":130,"minecraft:cobweb":7,"minecraft:gold_ore":5,"minecraft:oak_leaves":2,"minecraft:deepslate":10},"minecraft:killed":{"dedsafio_3:tiki":1,"minecraft:cave_spider":11,"dedsafio_3:medusa":4,"dedsafio_3:esquelo_dog":1,"minecraft:spider":48,"dedsafio_3:rana_gigante":1,"minecraft:skeleton":2,"dedsafio_3:fogata":1,"dedsafio_3:wild_fire":1,"dedsafio_3:fantasma_rojo":4,"dedsafio_3:creeper_warden":1,"dedsafio_3:r_evill_boss":1,"dedsafio_3:sapo":1,"minecraft:sheep":1,"minecraft:zombie":1,"dedsafio_3:revil":2,"minecraft:villager":5,"dedsafio_3:creeper_cake":5},"minecraft:custom":{"minecraft:mob_kills":91,"minecraft:inspect_hopper":3,"minecraft:interact_with_crafting_table":12,"minecraft:leave_game":12,"minecraft:time_since_death":7501,"minecraft:damage_resisted":1382,"minecraft:climb_one_cm":6599,"minecraft:sprint_one_cm":416492,"minecraft:walk_one_cm":462547,"minecraft:drop":92,"minecraft:damage_dealt_absorbed":20,"minecraft:talked_to_villager":239,"minecraft:play_time":279347,"minecraft:deaths":7,"minecraft:sneak_time":6342,"minecraft:walk_under_water_one_cm":1293,"minecraft:jump":3865,"minecraft:walk_on_water_one_cm":23101,"minecraft:total_world_time":279347,"minecraft:interact_with_furnace":4,"minecraft:traded_with_villager":61,"minecraft:sleep_in_bed":9,"minecraft:time_since_rest":107,"minecraft:damage_taken":900006004,"minecraft:damage_absorbed":332,"minecraft:damage_dealt":28477,"minecraft:swim_one_cm":4476,"minecraft:fly_one_cm":925747,"minecraft:open_chest":47,"minecraft:crouch_one_cm":15872,"minecraft:interact_with_smoker":14,"minecraft:fall_one_cm":111532,"minecraft:horse_one_cm":272},"minecraft:used":{"minecraft:stone_sword":49,"minecraft:iron_shovel":260,"minecraft:ladder":3,"minecraft:chest":3,"dedsafio_3:medusa_spawn_egg":1,"dedsafio_3:revil_spawn_egg":2,"minecraft:rotten_flesh":1,"dedsafio_3:fantasma_rojo_spawn_egg":6,"minecraft:oak_door":2,"minecraft:torch":20,"minecraft:dirt":181,"minecraft:diamond_helmet":1,"minecraft:granite":5,"dedsafio_3:casino_d_3":1,"minecraft:birch_door":1,"minecraft:wooden_axe":1,"minecraft:packed_ice":4,"minecraft:villager_spawn_egg":4,"dedsafio_3:flashbang_spawn_egg":5,"minecraft:spawner":9,"minecraft:totem_of_undying":11,"minecraft:golden_carrot":31,"minecraft:spider_spawn_egg":4,"minecraft:cooked_mutton":2,"minecraft:diamond_boots":1,"minecraft:spruce_door":1,"minecraft:stone_pickaxe":81,"minecraft:oak_planks":10,"minecraft:wooden_pickaxe":6,"minecraft:fletching_table":5,"minecraft:diamond_axe":411,"minecraft:cobblestone_slab":17,"minecraft:crafting_table":2,"minecraft:blue_ice":7,"minecraft:white_bed":22,"dedsafio_3:manzana":4,"dedsafio_3:infernal_sword":23,"dedsafio_3:fogata_spawn_egg":1,"minecraft:spruce_log":9,"minecraft:smoker":1,"minecraft:diamond_pickaxe":4,"minecraft:mangrove_door":2,"minecraft:acacia_door":1,"minecraft:bread":4,"minecraft:oak_button":6,"minecraft:iron_pickaxe":87,"minecraft:lectern":174,"dedsafio_3:tiki_spawn_egg":1,"minecraft:spruce_trapdoor":54,"minecraft:spruce_sapling":15,"minecraft:stone_axe":4,"minecraft:diamond_sword":136,"minecraft:cobblestone":5,"minecraft:andesite":41,"dedsafio_3:wild_fire_spawn_egg":1,"dedsafio_3:r_evill_boss_spawn_egg":1,"minecraft:dandelion":1,"minecraft:bone_meal":21}},"DataVersion":3465}