{"stats":{"minecraft:custom":{"minecraft:time_since_rest":3057,"minecraft:crouch_one_cm":50,"minecraft:deaths":3,"minecraft:sprint_one_cm":31553,"minecraft:play_time":42864,"minecraft:walk_one_cm":22488,"minecraft:damage_taken":899999863,"minecraft:damage_absorbed":252,"minecraft:sneak_time":432,"minecraft:mob_kills":10,"minecraft:drop":3,"minecraft:jump":494,"minecraft:damage_dealt":2192,"minecraft:leave_game":3,"minecraft:walk_on_water_one_cm":926,"minecraft:time_since_death":3051,"minecraft:total_world_time":42864,"minecraft:damage_resisted":1382,"minecraft:fall_one_cm":7355,"minecraft:fly_one_cm":166437},"minecraft:killed":{"dedsafio_3:medusa":3,"dedsafio_3:esquelo_dog":1,"dedsafio_3:sapo":1,"minecraft:zombie":1,"dedsafio_3:creeper_cake":3,"dedsafio_3:creeper_warden":1},"minecraft:used":{"minecraft:birch_door":1,"minecraft:oak_door":2,"minecraft:acacia_door":1,"minecraft:mangrove_door":2,"minecraft:spruce_door":1,"dedsafio_3:manzana":4,"dedsafio_3:infernal_sword":23,"minecraft:totem_of_undying":7},"minecraft:dropped":{"minecraft:gravel":2,"minecraft:cobblestone":1},"minecraft:mined":{"minecraft:grass":1},"minecraft:picked_up":{"minecraft:oak_door":1,"minecraft:rotten_flesh":2,"minecraft:slime_ball":1,"minecraft:gravel":2,"minecraft:totem_of_undying":3,"minecraft:cobblestone":1}},"DataVersion":3465}