{"stats":{"minecraft:crafted":{"minecraft:oak_planks":44,"minecraft:cooked_porkchop":1,"minecraft:crafting_table":1,"minecraft:cooked_chicken":1,"minecraft:wooden_pickaxe":1,"minecraft:stone_axe":1,"minecraft:cooked_mutton":2,"minecraft:air":0,"minecraft:stick":24,"minecraft:stone_pickaxe":1,"minecraft:wooden_axe":1,"minecraft:stone_sword":1,"minecraft:torch":60},"minecraft:dropped":{"minecraft:gravel":2,"minecraft:cooked_chicken":1,"minecraft:cooked_beef":4,"minecraft:cooked_porkchop":1,"minecraft:pointed_dripstone":8,"minecraft:raw_iron":9,"minecraft:feather":2,"minecraft:cobblestone":1,"minecraft:oak_planks":1,"minecraft:dirt":2,"minecraft:golden_carrot":2,"minecraft:wooden_axe":2,"minecraft:wooden_pickaxe":1,"minecraft:string":2,"minecraft:white_wool":1,"minecraft:bone":3},"minecraft:picked_up":{"minecraft:wooden_axe":1,"minecraft:crafting_table":2,"minecraft:feather":2,"minecraft:cooked_beef":4,"minecraft:smoker":2,"minecraft:oak_log":11,"minecraft:dirt":2,"minecraft:string":2,"minecraft:bone":3,"minecraft:oak_planks":1,"minecraft:egg":1,"minecraft:raw_iron":11,"minecraft:oak_door":1,"minecraft:torch":6,"minecraft:gravel":2,"minecraft:pointed_dripstone":8,"minecraft:arrow":1,"minecraft:rotten_flesh":3,"minecraft:slime_ball":1,"minecraft:granite":4,"minecraft:totem_of_undying":9,"minecraft:mutton":2,"minecraft:coal":70,"minecraft:white_wool":1,"minecraft:cobblestone":29},"minecraft:mined":{"minecraft:smoker":1,"minecraft:crafting_table":2,"minecraft:glow_lichen":1,"minecraft:torch":2,"minecraft:granite":3,"minecraft:grass_block":1,"minecraft:cobblestone":3,"minecraft:oak_planks":1,"minecraft:wall_torch":4,"minecraft:iron_ore":9,"minecraft:grass":3,"minecraft:oak_log":11,"minecraft:coal_ore":24,"minecraft:stone":26,"minecraft:oak_leaves":2},"minecraft:killed":{"dedsafio_3:sapo":1,"dedsafio_3:medusa":3,"dedsafio_3:esquelo_dog":1,"minecraft:spider":1,"dedsafio_3:rana_gigante":1,"minecraft:sheep":1,"minecraft:skeleton":2,"minecraft:zombie":1,"dedsafio_3:creeper_cake":3,"dedsafio_3:creeper_warden":1},"minecraft:custom":{"minecraft:mob_kills":15,"minecraft:interact_with_crafting_table":5,"minecraft:leave_game":12,"minecraft:time_since_death":79817,"minecraft:sleep_in_bed":1,"minecraft:damage_resisted":1382,"minecraft:time_since_rest":2810,"minecraft:sprint_one_cm":189450,"minecraft:damage_absorbed":252,"minecraft:damage_taken":900002016,"minecraft:walk_one_cm":106447,"minecraft:drop":20,"minecraft:damage_dealt":3214,"minecraft:swim_one_cm":4239,"minecraft:fly_one_cm":575962,"minecraft:open_chest":4,"minecraft:crouch_one_cm":1493,"minecraft:play_time":129459,"minecraft:deaths":5,"minecraft:sneak_time":1751,"minecraft:walk_under_water_one_cm":220,"minecraft:jump":2055,"minecraft:walk_on_water_one_cm":3525,"minecraft:interact_with_smoker":14,"minecraft:total_world_time":129459,"minecraft:fall_one_cm":65219,"minecraft:horse_one_cm":272},"minecraft:used":{"minecraft:cooked_mutton":2,"minecraft:stone_sword":25,"minecraft:spruce_door":1,"minecraft:stone_pickaxe":61,"minecraft:oak_planks":1,"minecraft:wooden_pickaxe":6,"minecraft:rotten_flesh":1,"minecraft:oak_door":2,"minecraft:torch":17,"minecraft:crafting_table":2,"dedsafio_3:manzana":4,"dedsafio_3:infernal_sword":23,"minecraft:smoker":1,"minecraft:birch_door":1,"minecraft:wooden_axe":1,"minecraft:acacia_door":1,"minecraft:mangrove_door":2,"minecraft:totem_of_undying":10,"minecraft:stone_axe":4,"minecraft:golden_carrot":8,"minecraft:cobblestone":1}},"DataVersion":3465}