{"stats":{"minecraft:crafted":{"minecraft:oak_planks":44,"minecraft:cooked_porkchop":1,"minecraft:crafting_table":1,"minecraft:cooked_chicken":1,"minecraft:wooden_pickaxe":1,"minecraft:stone_axe":1,"minecraft:cooked_mutton":2,"minecraft:air":0,"minecraft:stick":24,"minecraft:stone_pickaxe":1,"minecraft:wooden_axe":1,"minecraft:stone_sword":1,"minecraft:torch":60},"minecraft:dropped":{"minecraft:gravel":2,"minecraft:cooked_chicken":1,"minecraft:cooked_beef":4,"minecraft:cooked_porkchop":1,"minecraft:pointed_dripstone":8,"minecraft:raw_iron":9,"minecraft:feather":2,"minecraft:cobblestone":1,"minecraft:oak_planks":1,"dedsafio_3:deditas":16,"dedsafio_3:dedita_gold":1,"minecraft:dirt":2,"minecraft:golden_carrot":2,"minecraft:wooden_axe":2,"minecraft:wooden_pickaxe":1,"minecraft:string":2,"minecraft:white_wool":1,"minecraft:bone":3},"minecraft:picked_up":{"minecraft:wooden_axe":1,"minecraft:crafting_table":3,"minecraft:feather":2,"minecraft:cooked_beef":4,"minecraft:golden_carrot":3,"minecraft:smoker":3,"minecraft:oak_log":11,"minecraft:dirt":4,"minecraft:string":6,"minecraft:name_tag":2,"minecraft:bone":3,"minecraft:cobbled_deepslate":2,"minecraft:iron_ingot":4,"minecraft:stone_pickaxe":1,"minecraft:oak_planks":22,"minecraft:egg":1,"minecraft:raw_iron":37,"dedsafio_3:casino_d_3":1,"minecraft:oak_door":1,"minecraft:torch":55,"minecraft:gravel":2,"minecraft:pointed_dripstone":8,"minecraft:stone_sword":1,"minecraft:arrow":1,"minecraft:rotten_flesh":3,"minecraft:slime_ball":1,"minecraft:stone_axe":1,"minecraft:granite":8,"minecraft:gold_ingot":2,"minecraft:bread":4,"minecraft:totem_of_undying":10,"minecraft:mutton":2,"minecraft:coal":97,"minecraft:white_wool":1,"minecraft:cobblestone":56},"minecraft:mined":{"minecraft:smoker":1,"dedsafio_3:casino_d_3":1,"minecraft:crafting_table":2,"minecraft:glow_lichen":1,"minecraft:torch":2,"minecraft:granite":3,"minecraft:grass_block":1,"minecraft:cobblestone":3,"minecraft:oak_planks":1,"minecraft:wall_torch":4,"minecraft:iron_ore":20,"minecraft:grass":3,"minecraft:oak_log":11,"minecraft:coal_ore":24,"minecraft:deepslate_iron_ore":1,"minecraft:dirt":1,"minecraft:cobweb":2,"minecraft:stone":32,"minecraft:deepslate":1,"minecraft:oak_leaves":2},"minecraft:killed":{"dedsafio_3:tiki":1,"dedsafio_3:sapo":1,"dedsafio_3:medusa":3,"dedsafio_3:esquelo_dog":1,"minecraft:spider":1,"dedsafio_3:rana_gigante":1,"minecraft:sheep":1,"minecraft:skeleton":2,"minecraft:zombie":1,"dedsafio_3:creeper_cake":3,"dedsafio_3:creeper_warden":1},"minecraft:custom":{"minecraft:interact_with_furnace":2,"minecraft:mob_kills":16,"minecraft:interact_with_crafting_table":6,"minecraft:leave_game":12,"minecraft:time_since_death":4965,"minecraft:sleep_in_bed":2,"minecraft:damage_resisted":1382,"minecraft:time_since_rest":1537,"minecraft:sprint_one_cm":207773,"minecraft:damage_absorbed":252,"minecraft:damage_taken":900002926,"minecraft:walk_one_cm":124185,"minecraft:drop":22,"minecraft:damage_dealt":3314,"minecraft:swim_one_cm":4239,"minecraft:talked_to_villager":3,"minecraft:fly_one_cm":608400,"minecraft:open_chest":6,"minecraft:crouch_one_cm":1846,"minecraft:play_time":141347,"minecraft:deaths":6,"minecraft:sneak_time":2085,"minecraft:walk_under_water_one_cm":220,"minecraft:jump":2213,"minecraft:walk_on_water_one_cm":3525,"minecraft:interact_with_smoker":14,"minecraft:total_world_time":141347,"minecraft:fall_one_cm":72311,"minecraft:horse_one_cm":272},"minecraft:used":{"minecraft:cooked_mutton":2,"minecraft:stone_sword":30,"minecraft:spruce_door":1,"minecraft:stone_pickaxe":81,"minecraft:oak_planks":1,"minecraft:wooden_pickaxe":6,"minecraft:fletching_table":2,"minecraft:rotten_flesh":1,"minecraft:oak_door":2,"minecraft:torch":17,"minecraft:crafting_table":2,"minecraft:white_bed":1,"dedsafio_3:manzana":4,"dedsafio_3:infernal_sword":23,"dedsafio_3:casino_d_3":1,"minecraft:smoker":1,"minecraft:birch_door":1,"minecraft:wooden_axe":1,"minecraft:acacia_door":1,"minecraft:mangrove_door":2,"dedsafio_3:tiki_spawn_egg":1,"minecraft:totem_of_undying":11,"minecraft:stone_axe":4,"minecraft:golden_carrot":8,"minecraft:cobblestone":5}},"DataVersion":3465}