{"stats":{"minecraft:killed":{"minecraft:zombie":1,"dedsafio_3:sapo":1,"dedsafio_3:medusa":3,"dedsafio_3:esquelo_dog":1,"dedsafio_3:creeper_cake":3,"dedsafio_3:creeper_warden":1},"minecraft:custom":{"minecraft:time_since_rest":41219,"minecraft:sprint_one_cm":91163,"minecraft:walk_one_cm":52126,"minecraft:damage_taken":900001643,"minecraft:damage_absorbed":252,"minecraft:mob_kills":10,"minecraft:drop":5,"minecraft:damage_dealt":2202,"minecraft:interact_with_crafting_table":3,"minecraft:fly_one_cm":479189,"minecraft:crouch_one_cm":495,"minecraft:play_time":90858,"minecraft:deaths":5,"minecraft:sneak_time":986,"minecraft:jump":1424,"minecraft:leave_game":11,"minecraft:walk_on_water_one_cm":926,"minecraft:time_since_death":41216,"minecraft:damage_resisted":1382,"minecraft:total_world_time":90858,"minecraft:fall_one_cm":47326,"minecraft:horse_one_cm":272},"minecraft:used":{"minecraft:birch_door":1,"minecraft:wooden_axe":1,"minecraft:mangrove_door":2,"minecraft:spruce_door":1,"minecraft:acacia_door":1,"minecraft:stone_pickaxe":3,"minecraft:wooden_pickaxe":6,"minecraft:totem_of_undying":10,"minecraft:stone_axe":1,"minecraft:oak_door":2,"minecraft:golden_carrot":4,"minecraft:crafting_table":2,"dedsafio_3:manzana":4,"dedsafio_3:infernal_sword":23},"minecraft:crafted":{"minecraft:oak_planks":44,"minecraft:crafting_table":1,"minecraft:stick":12,"minecraft:wooden_pickaxe":1,"minecraft:stone_pickaxe":1,"minecraft:wooden_axe":1,"minecraft:stone_sword":1,"minecraft:stone_axe":1},"minecraft:mined":{"minecraft:crafting_table":2,"minecraft:grass":3,"minecraft:oak_log":11,"minecraft:stone":9,"minecraft:oak_leaves":1},"minecraft:picked_up":{"minecraft:crafting_table":2,"minecraft:oak_door":1,"minecraft:gravel":2,"minecraft:oak_log":11,"minecraft:rotten_flesh":2,"minecraft:slime_ball":1,"minecraft:totem_of_undying":9,"minecraft:cobblestone":10,"minecraft:egg":1},"minecraft:dropped":{"minecraft:gravel":2,"minecraft:wooden_axe":1,"minecraft:cobblestone":1,"minecraft:wooden_pickaxe":1}},"DataVersion":3465}