{"stats":{"minecraft:killed":{"dedsafio_3:medusa":3,"dedsafio_3:esquelo_dog":1,"dedsafio_3:sapo":1,"minecraft:zombie":1,"dedsafio_3:creeper_cake":3,"dedsafio_3:creeper_warden":1},"minecraft:custom":{"minecraft:time_since_rest":17219,"minecraft:damage_absorbed":252,"minecraft:crouch_one_cm":79,"minecraft:play_time":66858,"minecraft:sprint_one_cm":54452,"minecraft:damage_taken":900001623,"minecraft:walk_one_cm":30703,"minecraft:deaths":5,"minecraft:sneak_time":773,"minecraft:mob_kills":10,"minecraft:drop":3,"minecraft:jump":909,"minecraft:damage_dealt":2192,"minecraft:leave_game":11,"minecraft:time_since_death":17216,"minecraft:walk_on_water_one_cm":926,"minecraft:total_world_time":66858,"minecraft:damage_resisted":1382,"minecraft:fall_one_cm":32818,"minecraft:fly_one_cm":336555},"minecraft:used":{"minecraft:oak_door":2,"minecraft:acacia_door":1,"minecraft:spruce_door":1,"minecraft:mangrove_door":2,"dedsafio_3:manzana":4,"dedsafio_3:infernal_sword":23,"minecraft:totem_of_undying":10,"minecraft:birch_door":1},"minecraft:mined":{"minecraft:grass":3},"minecraft:picked_up":{"minecraft:oak_door":1,"minecraft:rotten_flesh":2,"minecraft:slime_ball":1,"minecraft:gravel":2,"minecraft:totem_of_undying":9,"minecraft:egg":1,"minecraft:cobblestone":1},"minecraft:dropped":{"minecraft:gravel":2,"minecraft:cobblestone":1}},"DataVersion":3465}