{"stats":{"minecraft:crafted":{"minecraft:cooked_beef":5,"minecraft:smooth_stone":3,"minecraft:oak_planks":64,"minecraft:crafting_table":1,"minecraft:iron_helmet":1,"minecraft:iron_sword":1,"minecraft:furnace":3,"minecraft:blast_furnace":1,"minecraft:stone":3,"minecraft:stone_axe":1,"minecraft:air":0,"minecraft:iron_boots":1,"minecraft:iron_chestplate":1,"minecraft:shield":1,"minecraft:stick":24,"minecraft:iron_ingot":40,"minecraft:iron_pickaxe":1,"minecraft:stone_pickaxe":2,"minecraft:iron_leggings":1,"minecraft:torch":64,"minecraft:smoker":1},"minecraft:dropped":{"minecraft:moss_block":1,"minecraft:raw_copper":10,"minecraft:dripstone_block":4,"minecraft:pointed_dripstone":8,"minecraft:feather":2,"minecraft:rotten_flesh":3,"minecraft:granite":3,"dedsafio_3:deditas":16,"minecraft:dirt":2,"minecraft:andesite":3,"minecraft:wooden_axe":1,"minecraft:stone_pickaxe":2,"minecraft:wooden_pickaxe":1},"minecraft:picked_up":{"minecraft:wooden_axe":2,"minecraft:crafting_table":10,"minecraft:feather":4,"minecraft:cooked_beef":4,"minecraft:chicken":1,"minecraft:golden_carrot":2,"minecraft:andesite":3,"minecraft:leather":10,"minecraft:wooden_pickaxe":2,"minecraft:oak_log":31,"minecraft:dirt":25,"minecraft:string":2,"minecraft:raw_copper":10,"minecraft:bone":8,"minecraft:beef":8,"minecraft:stone_pickaxe":2,"minecraft:cooked_chicken":1,"modminds:nutritotem":3,"minecraft:rose_bush":1,"minecraft:moss_block":1,"minecraft:oak_planks":5,"minecraft:furnace":6,"minecraft:stick":4,"minecraft:raw_iron":61,"minecraft:sweet_berries":49,"minecraft:torch":42,"minecraft:dripstone_block":5,"minecraft:porkchop":1,"minecraft:pointed_dripstone":8,"minecraft:blast_furnace":3,"minecraft:arrow":6,"minecraft:rotten_flesh":5,"minecraft:slime_ball":1,"minecraft:tropical_fish":18,"minecraft:stone_axe":1,"minecraft:granite":16,"minecraft:coal":306,"minecraft:white_wool":1,"minecraft:cobblestone":132},"minecraft:broken":{"minecraft:stone_pickaxe":1},"minecraft:killed_by":{"minecraft:creeper":1},"minecraft:mined":{"minecraft:smoker":1,"minecraft:powder_snow":38,"minecraft:crafting_table":9,"minecraft:granite":17,"minecraft:blast_furnace":3,"minecraft:grass_block":2,"minecraft:rose_bush":1,"minecraft:cobblestone":11,"minecraft:moss_block":1,"minecraft:oak_planks":2,"minecraft:wall_torch":1,"minecraft:furnace":6,"minecraft:iron_ore":33,"minecraft:sweet_berry_bush":18,"minecraft:andesite":3,"minecraft:grass":5,"minecraft:oak_log":20,"minecraft:coal_ore":123,"minecraft:dirt":4,"minecraft:dripstone_block":1,"minecraft:stone":119,"minecraft:oak_leaves":9},"minecraft:killed":{"dedsafio_3:sapo":1,"minecraft:pig":1,"dedsafio_3:rana_gigante":2,"minecraft:skeleton":2,"minecraft:zombie":6,"minecraft:chicken":1,"dedsafio_3:creeper_cake":5,"minecraft:cow":4},"minecraft:custom":{"minecraft:interact_with_furnace":14,"minecraft:mob_kills":23,"minecraft:interact_with_crafting_table":20,"minecraft:leave_game":5,"minecraft:time_since_death":42451,"minecraft:climb_one_cm":42,"minecraft:time_since_rest":42456,"minecraft:sprint_one_cm":87206,"minecraft:damage_absorbed":80,"minecraft:damage_taken":2044,"minecraft:walk_one_cm":119741,"minecraft:damage_blocked_by_shield":75,"minecraft:drop":18,"minecraft:damage_dealt":3720,"minecraft:swim_one_cm":14758,"minecraft:fly_one_cm":75393,"minecraft:crouch_one_cm":8032,"minecraft:play_time":64624,"minecraft:deaths":1,"minecraft:sneak_time":4081,"minecraft:walk_under_water_one_cm":8371,"minecraft:jump":848,"minecraft:interact_with_blast_furnace":17,"minecraft:walk_on_water_one_cm":8337,"minecraft:interact_with_smoker":8,"minecraft:total_world_time":64624,"minecraft:fall_one_cm":19401},"minecraft:used":{"minecraft:rose_bush":1,"minecraft:tropical_fish":2,"minecraft:stone_pickaxe":201,"minecraft:oak_planks":25,"minecraft:wooden_pickaxe":4,"minecraft:shield":1,"minecraft:iron_sword":38,"minecraft:cooked_chicken":1,"minecraft:rotten_flesh":2,"minecraft:white_wool":1,"minecraft:torch":24,"minecraft:dirt":4,"minecraft:crafting_table":9,"minecraft:blast_furnace":3,"minecraft:dripstone_block":1,"minecraft:granite":13,"minecraft:smoker":1,"minecraft:wooden_axe":18,"minecraft:iron_pickaxe":121,"minecraft:iron_helmet":1,"minecraft:iron_boots":1,"minecraft:stone_axe":62,"minecraft:beef":3,"minecraft:golden_carrot":2,"minecraft:cobblestone":96,"minecraft:sweet_berries":18,"minecraft:furnace":6,"minecraft:cooked_beef":5}},"DataVersion":3465}