{"stats":{"minecraft:crafted":{"minecraft:oak_planks":68,"minecraft:smooth_stone":3,"minecraft:cooked_chicken":2,"minecraft:furnace":3,"minecraft:blast_furnace":1,"minecraft:stone":3,"minecraft:cooked_mutton":19,"minecraft:iron_boots":1,"minecraft:stone_pickaxe":2,"minecraft:chest":2,"minecraft:smoker":2,"minecraft:cooked_beef":14,"minecraft:oak_slab":6,"minecraft:cooked_porkchop":7,"minecraft:crafting_table":1,"minecraft:iron_helmet":1,"minecraft:iron_sword":1,"minecraft:stone_axe":1,"minecraft:bread":2,"minecraft:air":0,"minecraft:iron_chestplate":1,"minecraft:shield":1,"minecraft:stick":28,"minecraft:iron_ingot":74,"minecraft:iron_pickaxe":2,"minecraft:iron_leggings":1,"minecraft:white_bed":1,"minecraft:torch":64},"minecraft:dropped":{"minecraft:iron_ingot":34,"minecraft:moss_block":1,"minecraft:wheat_seeds":3,"minecraft:cooked_beef":15,"minecraft:dripstone_block":4,"minecraft:feather":2,"minecraft:granite":3,"minecraft:stick":2,"minecraft:dirt":2,"minecraft:wooden_axe":1,"minecraft:cooked_chicken":2,"minecraft:raw_copper":10,"minecraft:pointed_dripstone":8,"minecraft:rotten_flesh":3,"dedsafio_3:deditas":48,"minecraft:pumpkin_seeds":1,"minecraft:andesite":3,"minecraft:stone_pickaxe":2,"minecraft:wooden_pickaxe":1},"minecraft:picked_up":{"minecraft:wooden_axe":2,"minecraft:crafting_table":11,"minecraft:chicken":3,"minecraft:wooden_pickaxe":2,"minecraft:string":2,"minecraft:raw_copper":10,"minecraft:beef":17,"minecraft:rose_bush":1,"minecraft:light_gray_wool":1,"minecraft:chest":2,"minecraft:furnace":6,"minecraft:raw_iron":95,"minecraft:stick":5,"minecraft:torch":42,"minecraft:porkchop":8,"minecraft:pointed_dripstone":8,"minecraft:arrow":6,"minecraft:rotten_flesh":5,"minecraft:tropical_fish":18,"modminds:totemeon":6,"minecraft:mutton":19,"minecraft:cobblestone":209,"minecraft:white_wool":12,"minecraft:feather":6,"minecraft:cooked_beef":10,"minecraft:golden_carrot":2,"minecraft:andesite":3,"minecraft:leather":13,"minecraft:smoker":1,"minecraft:oak_log":36,"dedsafio_3:deditas":40,"minecraft:dirt":26,"minecraft:bone":8,"minecraft:wheat_seeds":3,"minecraft:iron_ingot":4,"minecraft:stone_pickaxe":2,"minecraft:cooked_chicken":1,"modminds:nutritotem":3,"minecraft:moss_block":1,"minecraft:oak_planks":5,"minecraft:sweet_berries":49,"minecraft:dripstone_block":5,"minecraft:blast_furnace":5,"minecraft:white_bed":1,"minecraft:pumpkin_seeds":1,"minecraft:slime_ball":2,"minecraft:stone_axe":1,"minecraft:granite":16,"minecraft:gray_wool":2,"minecraft:coal":396},"minecraft:broken":{"minecraft:stone_pickaxe":1,"minecraft:iron_pickaxe":1},"minecraft:killed_by":{"minecraft:creeper":1},"minecraft:killed":{"minecraft:spider":1,"dedsafio_3:rana_gigante":2,"minecraft:skeleton":2,"minecraft:chicken":3,"dedsafio_3:sapo":2,"minecraft:pig":4,"minecraft:sheep":13,"minecraft:zombie":6,"dedsafio_3:creeper_cake":5,"minecraft:cow":8},"minecraft:mined":{"minecraft:white_bed":1,"minecraft:granite":17,"minecraft:grass_block":3,"minecraft:moss_block":1,"minecraft:furnace":6,"minecraft:iron_ore":67,"minecraft:andesite":3,"minecraft:stone":196,"minecraft:smoker":2,"minecraft:powder_snow":38,"minecraft:crafting_table":10,"minecraft:blast_furnace":5,"minecraft:chest":2,"minecraft:rose_bush":1,"minecraft:cobblestone":11,"minecraft:tall_grass":5,"minecraft:oak_planks":2,"minecraft:wall_torch":1,"minecraft:sweet_berry_bush":21,"minecraft:grass":15,"minecraft:coal_ore":147,"minecraft:oak_log":25,"minecraft:dirt":4,"minecraft:dripstone_block":1,"minecraft:oak_leaves":9},"minecraft:custom":{"minecraft:mob_kills":47,"minecraft:interact_with_crafting_table":27,"minecraft:leave_game":6,"minecraft:time_since_death":86505,"minecraft:climb_one_cm":42,"minecraft:sprint_one_cm":134813,"minecraft:walk_one_cm":196226,"minecraft:damage_blocked_by_shield":75,"minecraft:drop":36,"minecraft:play_time":108678,"minecraft:deaths":1,"minecraft:sneak_time":5539,"minecraft:walk_under_water_one_cm":8371,"minecraft:jump":1254,"minecraft:interact_with_blast_furnace":41,"minecraft:walk_on_water_one_cm":8337,"minecraft:total_world_time":108678,"minecraft:interact_with_furnace":14,"minecraft:sleep_in_bed":7,"minecraft:time_since_rest":10463,"minecraft:damage_taken":2692,"minecraft:damage_absorbed":80,"minecraft:damage_dealt":5800,"minecraft:swim_one_cm":14758,"minecraft:fly_one_cm":128113,"minecraft:open_chest":30,"minecraft:crouch_one_cm":14067,"minecraft:interact_with_smoker":21,"minecraft:fall_one_cm":28584},"minecraft:used":{"minecraft:rose_bush":1,"minecraft:tropical_fish":2,"minecraft:chest":4,"minecraft:shield":1,"minecraft:iron_sword":87,"minecraft:cooked_chicken":1,"minecraft:rotten_flesh":2,"minecraft:torch":31,"minecraft:dirt":4,"minecraft:granite":13,"minecraft:wooden_axe":18,"minecraft:iron_helmet":1,"minecraft:iron_boots":1,"minecraft:golden_carrot":2,"minecraft:beef":3,"minecraft:sweet_berries":37,"minecraft:furnace":6,"minecraft:cooked_beef":5,"minecraft:cooked_mutton":7,"minecraft:stone_pickaxe":201,"minecraft:oak_planks":25,"minecraft:wooden_pickaxe":4,"minecraft:white_wool":1,"minecraft:oak_slab":1,"minecraft:crafting_table":11,"minecraft:blast_furnace":6,"minecraft:white_bed":2,"minecraft:dripstone_block":1,"minecraft:smoker":3,"minecraft:bread":2,"minecraft:iron_pickaxe":262,"minecraft:stone_axe":70,"minecraft:cobblestone":106}},"DataVersion":3465}