{"stats":{"minecraft:custom":{"minecraft:time_since_rest":15946,"minecraft:sprint_one_cm":28733,"minecraft:damage_taken":260,"minecraft:walk_one_cm":22454,"minecraft:mob_kills":5,"minecraft:drop":2,"minecraft:damage_dealt":795,"minecraft:interact_with_crafting_table":4,"minecraft:fly_one_cm":16467,"minecraft:crouch_one_cm":207,"minecraft:play_time":15946,"minecraft:sneak_time":425,"minecraft:jump":139,"minecraft:leave_game":1,"minecraft:time_since_death":15946,"minecraft:total_world_time":15946,"minecraft:fall_one_cm":5124},"minecraft:killed":{"dedsafio_3:rana_gigante":1,"minecraft:zombie":3,"dedsafio_3:creeper_cake":1},"minecraft:used":{"minecraft:wooden_axe":18,"minecraft:rose_bush":1,"minecraft:stone_pickaxe":57,"minecraft:oak_planks":5,"minecraft:wooden_pickaxe":4,"minecraft:rotten_flesh":2,"minecraft:stone_axe":16,"minecraft:torch":12,"minecraft:golden_carrot":1,"minecraft:cobblestone":10,"minecraft:crafting_table":1},"minecraft:crafted":{"minecraft:oak_planks":20,"minecraft:crafting_table":1,"minecraft:stick":20,"minecraft:stone_pickaxe":1,"minecraft:torch":64,"minecraft:stone_axe":1},"minecraft:mined":{"minecraft:crafting_table":1,"minecraft:grass_block":1,"minecraft:oak_log":14,"minecraft:coal_ore":36,"minecraft:rose_bush":1,"minecraft:cobblestone":3,"minecraft:stone":22,"minecraft:oak_planks":1,"minecraft:oak_leaves":6},"minecraft:picked_up":{"minecraft:wooden_axe":1,"minecraft:crafting_table":1,"minecraft:golden_carrot":2,"minecraft:torch":1,"minecraft:wooden_pickaxe":1,"minecraft:oak_log":14,"minecraft:rotten_flesh":4,"minecraft:rose_bush":1,"minecraft:oak_planks":1,"minecraft:coal":35,"minecraft:cobblestone":24},"minecraft:dropped":{"minecraft:rotten_flesh":2}},"DataVersion":3465}