{"stats":{"minecraft:crafted":{"minecraft:smooth_stone":3,"minecraft:oak_planks":848,"minecraft:cooked_chicken":2,"minecraft:furnace":3,"minecraft:blast_furnace":1,"minecraft:stone":3,"minecraft:cooked_mutton":19,"minecraft:flint_and_steel":1,"minecraft:diamond_helmet":1,"minecraft:diamond_leggings":1,"minecraft:iron_boots":1,"minecraft:polished_deepslate":44,"minecraft:stone_pickaxe":2,"minecraft:chest":2,"minecraft:diamond_boots":1,"minecraft:smoker":2,"minecraft:cooked_beef":14,"minecraft:oak_slab":516,"minecraft:diamond_sword":1,"minecraft:cooked_porkchop":19,"minecraft:diamond_axe":1,"minecraft:crafting_table":1,"minecraft:enchanting_table":1,"minecraft:iron_helmet":1,"minecraft:iron_sword":1,"minecraft:bucket":1,"minecraft:stone_axe":1,"minecraft:bread":2,"minecraft:air":0,"minecraft:book":1,"minecraft:iron_chestplate":1,"minecraft:paper":3,"minecraft:diamond_pickaxe":1,"minecraft:shield":1,"minecraft:stick":52,"minecraft:iron_ingot":74,"minecraft:iron_pickaxe":2,"minecraft:iron_leggings":1,"minecraft:white_bed":1,"minecraft:torch":64,"minecraft:diamond_chestplate":1},"minecraft:dropped":{"minecraft:water_bucket":2,"minecraft:iron_ingot":37,"modminds:nutritotem":2,"minecraft:oak_slab":383,"minecraft:iron_sword":2,"minecraft:moss_block":1,"minecraft:porkchop":1,"dedsafio_3:maza":1,"minecraft:wheat_seeds":5,"minecraft:diamond_axe":2,"minecraft:cooked_beef":15,"minecraft:diamond":30,"minecraft:dripstone_block":4,"minecraft:cooked_porkchop":1,"minecraft:diamond_leggings":2,"minecraft:feather":2,"minecraft:iron_helmet":2,"minecraft:cobblestone":80,"minecraft:granite":3,"modminds:totem_revil":2,"minecraft:tropical_fish":16,"minecraft:coal":3,"minecraft:flint":1,"minecraft:stick":14,"minecraft:dirt":15,"minecraft:diorite":7,"modminds:totemeon":12,"minecraft:wooden_axe":1,"minecraft:diamond_helmet":1,"minecraft:iron_leggings":2,"minecraft:iron_axe":1,"minecraft:iron_pickaxe":1,"minecraft:bucket":1,"minecraft:bone":6,"minecraft:gravel":13,"minecraft:stone_axe":1,"minecraft:cooked_chicken":2,"minecraft:cobbled_deepslate":433,"minecraft:raw_copper":10,"minecraft:tuff":20,"minecraft:obsidian":6,"minecraft:pointed_dripstone":8,"minecraft:rotten_flesh":6,"minecraft:oak_planks":6,"minecraft:iron_boots":3,"minecraft:cooked_mutton":6,"dedsafio_3:deditas":112,"minecraft:pumpkin_seeds":1,"minecraft:diamond_sword":1,"minecraft:diamond_chestplate":1,"minecraft:iron_chestplate":2,"minecraft:andesite":7,"minecraft:wooden_pickaxe":1,"minecraft:arrow":2,"minecraft:stone_pickaxe":2,"minecraft:magma_block":1,"minecraft:netherrack":152,"minecraft:enchanting_table":1},"minecraft:picked_up":{"minecraft:wooden_axe":2,"dedsafio_3:metal_recocido":2,"dedsafio_3:lana_arcoiris":1,"minecraft:iron_chestplate":1,"minecraft:crafting_table":15,"minecraft:chicken":3,"minecraft:anvil":2,"minecraft:diamond_sword":2,"minecraft:wooden_pickaxe":2,"minecraft:iron_axe":1,"minecraft:polished_deepslate":44,"minecraft:string":10,"minecraft:raw_copper":13,"minecraft:flint_and_steel":2,"minecraft:iron_leggings":1,"minecraft:netherite_scrap":6,"minecraft:diamond_leggings":4,"minecraft:cobbled_deepslate":584,"minecraft:beef":25,"minecraft:rose_bush":3,"minecraft:iron_pickaxe":1,"minecraft:light_gray_wool":1,"minecraft:sugar_cane":7,"minecraft:chest":2,"minecraft:egg":1,"minecraft:iron_boots":2,"minecraft:furnace":6,"minecraft:stick":23,"minecraft:raw_iron":97,"minecraft:torch":42,"minecraft:porkchop":21,"minecraft:pointed_dripstone":8,"minecraft:diorite":7,"minecraft:arrow":8,"minecraft:rotten_flesh":8,"minecraft:diamond_chestplate":4,"minecraft:tropical_fish":18,"modminds:totemeon":37,"minecraft:diamond_boots":2,"dedsafio_3:batidora_legendaria":1,"dedsafio_3:espada_fantasmal":4,"minecraft:red_tulip":2,"minecraft:obsidian":16,"minecraft:mutton":19,"minecraft:white_wool":12,"minecraft:cobblestone":321,"minecraft:enchanting_table":1,"minecraft:magma_block":1,"minecraft:feather":6,"minecraft:cooked_beef":10,"minecraft:golden_carrot":2,"minecraft:water_bucket":3,"minecraft:andesite":7,"minecraft:leather":47,"minecraft:smoker":4,"dedsafio_3:maza":1,"minecraft:flint":2,"minecraft:tuff":28,"minecraft:oak_log":177,"dedsafio_3:deditas":144,"minecraft:ancient_debris":2,"minecraft:dirt":82,"minecraft:bone":14,"minecraft:apple":2,"minecraft:orange_tulip":6,"minecraft:wheat_seeds":29,"dedsafio_3:pildora":1,"minecraft:iron_ingot":4,"minecraft:stone_pickaxe":2,"minecraft:cooked_chicken":1,"modminds:nutritotem":6,"dedsafio_3:aguacate":1,"minecraft:diamond_helmet":3,"minecraft:moss_block":1,"minecraft:iron_sword":1,"minecraft:oak_planks":45,"modminds:totem_revil":2,"minecraft:oak_slab":16,"dedsafio_3:rodillo":1,"minecraft:cooked_porkchop":13,"minecraft:sweet_berries":49,"minecraft:dripstone_block":5,"minecraft:gravel":13,"minecraft:blast_furnace":7,"minecraft:white_bed":5,"minecraft:pumpkin_seeds":1,"minecraft:slime_ball":18,"minecraft:diamond":102,"minecraft:stone_axe":1,"dedsafio_3:dedita_gold":60,"minecraft:iron_helmet":1,"minecraft:granite":16,"minecraft:diamond_axe":4,"minecraft:golden_apple":2,"minecraft:gray_wool":2,"minecraft:oak_sapling":16,"minecraft:netherrack":146,"minecraft:coal":629,"minecraft:diamond_pickaxe":2},"minecraft:broken":{"minecraft:stone_pickaxe":1,"minecraft:iron_pickaxe":2},"minecraft:killed_by":{"minecraft:creeper":1,"dedsafio_3:rana_gigante":2,"dedsafio_3:bone_spider":1},"minecraft:killed":{"dedsafio_3:esquelo_dog":2,"minecraft:spider":2,"dedsafio_3:rana_gigante":2,"minecraft:skeleton":4,"minecraft:chicken":3,"dedsafio_3:sapo":4,"minecraft:pig":10,"minecraft:creeper":1,"minecraft:sheep":13,"minecraft:zombie":8,"dedsafio_3:creeper_cake":6,"minecraft:cow":13},"minecraft:mined":{"dedsafio_3:batidora_legendaria":1,"minecraft:tuff":18,"minecraft:white_bed":4,"minecraft:deepslate_diamond_ore":82,"minecraft:obsidian":1,"minecraft:granite":17,"minecraft:grass_block":11,"minecraft:moss_block":1,"minecraft:magma_block":1,"minecraft:furnace":6,"minecraft:iron_ore":67,"minecraft:fire":29,"minecraft:cobbled_deepslate":2,"minecraft:andesite":5,"minecraft:anvil":1,"minecraft:enchanting_table":1,"minecraft:deepslate_iron_ore":2,"minecraft:stone":260,"minecraft:oak_slab":10,"minecraft:smoker":3,"minecraft:powder_snow":38,"minecraft:crafting_table":14,"minecraft:blast_furnace":6,"minecraft:chest":2,"minecraft:rose_bush":3,"minecraft:tall_grass":8,"minecraft:cobblestone":17,"minecraft:sugar_cane":5,"minecraft:oak_planks":12,"minecraft:diorite":7,"minecraft:wall_torch":1,"minecraft:sweet_berry_bush":21,"minecraft:orange_tulip":3,"minecraft:grass":77,"minecraft:oak_log":166,"minecraft:coal_ore":147,"minecraft:gravel":6,"minecraft:dripstone_block":1,"minecraft:dirt":5,"minecraft:netherrack":64,"minecraft:ancient_debris":3,"minecraft:oak_leaves":61,"minecraft:deepslate":318},"minecraft:custom":{"minecraft:mob_kills":71,"minecraft:interact_with_crafting_table":46,"minecraft:leave_game":9,"minecraft:time_since_death":3854,"minecraft:climb_one_cm":42,"minecraft:sprint_one_cm":308814,"minecraft:walk_one_cm":377525,"minecraft:damage_blocked_by_shield":75,"minecraft:drop":141,"minecraft:play_time":207497,"minecraft:sneak_time":21446,"minecraft:deaths":4,"minecraft:walk_under_water_one_cm":13990,"minecraft:jump":2625,"minecraft:interact_with_blast_furnace":44,"minecraft:walk_on_water_one_cm":15424,"minecraft:total_world_time":207497,"minecraft:interact_with_furnace":14,"minecraft:sleep_in_bed":15,"minecraft:time_since_rest":3857,"minecraft:damage_taken":5729,"minecraft:damage_absorbed":320,"minecraft:damage_dealt":8944,"minecraft:swim_one_cm":25738,"minecraft:fly_one_cm":433514,"minecraft:open_chest":71,"minecraft:crouch_one_cm":51653,"minecraft:interact_with_smoker":27,"minecraft:fall_one_cm":62310},"minecraft:used":{"minecraft:enchanting_table":1,"minecraft:rose_bush":1,"minecraft:flint_and_steel":2,"minecraft:tropical_fish":2,"minecraft:chest":4,"minecraft:shield":1,"minecraft:iron_sword":117,"dedsafio_3:batidora_legendaria":1,"minecraft:cooked_chicken":1,"minecraft:rotten_flesh":2,"minecraft:netherrack":19,"minecraft:torch":31,"minecraft:dirt":5,"minecraft:anvil":1,"minecraft:tuff":8,"minecraft:granite":13,"minecraft:obsidian":3,"dedsafio_3:espada_fantasmal":39,"minecraft:wooden_axe":18,"minecraft:lava_bucket":1,"minecraft:iron_helmet":1,"minecraft:iron_boots":1,"minecraft:golden_carrot":2,"minecraft:beef":3,"minecraft:sweet_berries":37,"minecraft:furnace":6,"minecraft:egg":1,"minecraft:cooked_beef":5,"dedsafio_3:pildora":1,"minecraft:cobbled_deepslate":63,"minecraft:cooked_mutton":13,"minecraft:water_bucket":15,"minecraft:oak_planks":390,"minecraft:stone_pickaxe":201,"minecraft:wooden_pickaxe":4,"minecraft:sugar_cane":4,"minecraft:diamond_axe":220,"dedsafio_3:lana_arcoiris":1,"minecraft:white_wool":1,"minecraft:oak_slab":144,"minecraft:crafting_table":15,"minecraft:blast_furnace":7,"minecraft:white_bed":5,"minecraft:dripstone_block":1,"minecraft:smoker":4,"minecraft:oak_log":10,"minecraft:diamond_pickaxe":364,"minecraft:bread":4,"minecraft:iron_pickaxe":502,"minecraft:stone_axe":72,"minecraft:cobblestone":134,"minecraft:cooked_porkchop":10,"minecraft:bucket":16}},"DataVersion":3465}