{"stats":{"minecraft:custom":{"minecraft:time_since_rest":10027,"minecraft:crouch_one_cm":127,"minecraft:play_time":10027,"minecraft:sprint_one_cm":8102,"minecraft:damage_taken":20,"minecraft:walk_one_cm":7603,"minecraft:sneak_time":262,"minecraft:jump":25,"minecraft:leave_game":1,"minecraft:time_since_death":10027,"minecraft:total_world_time":10027,"minecraft:interact_with_crafting_table":3,"minecraft:fall_one_cm":1509,"minecraft:fly_one_cm":4873},"minecraft:used":{"minecraft:wooden_axe":18,"minecraft:rose_bush":1,"minecraft:crafting_table":1,"minecraft:stone_pickaxe":11,"minecraft:oak_planks":5,"minecraft:wooden_pickaxe":4},"minecraft:crafted":{"minecraft:oak_planks":20,"minecraft:stone_axe":1,"minecraft:crafting_table":1,"minecraft:stick":4,"minecraft:stone_pickaxe":1},"minecraft:mined":{"minecraft:oak_log":14,"minecraft:rose_bush":1,"minecraft:stone":15,"minecraft:oak_leaves":6},"minecraft:picked_up":{"minecraft:wooden_axe":1,"minecraft:wooden_pickaxe":1,"minecraft:rose_bush":1,"minecraft:oak_log":14,"minecraft:cobblestone":15}},"DataVersion":3465}