{"stats":{"minecraft:crafted":{"minecraft:cooked_beef":5,"minecraft:smooth_stone":3,"minecraft:oak_planks":64,"minecraft:crafting_table":1,"minecraft:furnace":3,"minecraft:stone":3,"minecraft:stone_axe":1,"minecraft:air":0,"minecraft:stick":24,"minecraft:iron_ingot":5,"minecraft:stone_pickaxe":2,"minecraft:torch":64,"minecraft:smoker":1},"minecraft:dropped":{"minecraft:rotten_flesh":2,"minecraft:granite":2,"minecraft:stone_pickaxe":1},"minecraft:picked_up":{"minecraft:wooden_axe":2,"minecraft:crafting_table":6,"minecraft:feather":4,"minecraft:cooked_beef":4,"minecraft:chicken":1,"minecraft:golden_carrot":2,"minecraft:andesite":3,"minecraft:leather":8,"minecraft:wooden_pickaxe":2,"minecraft:oak_log":31,"minecraft:dirt":2,"minecraft:string":2,"minecraft:raw_copper":10,"minecraft:bone":6,"minecraft:beef":5,"minecraft:stone_pickaxe":2,"minecraft:cooked_chicken":1,"minecraft:rose_bush":1,"minecraft:oak_planks":4,"minecraft:furnace":2,"minecraft:raw_iron":46,"minecraft:stick":4,"minecraft:sweet_berries":46,"minecraft:torch":42,"minecraft:dripstone_block":5,"minecraft:porkchop":1,"minecraft:pointed_dripstone":8,"minecraft:arrow":4,"minecraft:rotten_flesh":4,"minecraft:stone_axe":1,"minecraft:granite":14,"minecraft:coal":85,"minecraft:cobblestone":71,"minecraft:white_wool":1},"minecraft:broken":{"minecraft:stone_pickaxe":1},"minecraft:killed_by":{"minecraft:creeper":1},"minecraft:mined":{"minecraft:smoker":1,"minecraft:crafting_table":5,"minecraft:granite":15,"minecraft:grass_block":1,"minecraft:rose_bush":1,"minecraft:cobblestone":4,"minecraft:oak_planks":1,"minecraft:wall_torch":1,"minecraft:furnace":2,"minecraft:iron_ore":18,"minecraft:sweet_berry_bush":9,"minecraft:andesite":3,"minecraft:grass":3,"minecraft:oak_log":20,"minecraft:coal_ore":86,"minecraft:dripstone_block":1,"minecraft:stone":65,"minecraft:oak_leaves":7},"minecraft:killed":{"minecraft:pig":1,"dedsafio_3:rana_gigante":1,"minecraft:skeleton":1,"minecraft:zombie":3,"minecraft:chicken":1,"dedsafio_3:creeper_cake":2,"minecraft:cow":3},"minecraft:custom":{"minecraft:interact_with_furnace":10,"minecraft:mob_kills":12,"minecraft:interact_with_crafting_table":8,"minecraft:leave_game":3,"minecraft:time_since_death":17734,"minecraft:time_since_rest":17739,"minecraft:sprint_one_cm":59284,"minecraft:damage_taken":813,"minecraft:walk_one_cm":81625,"minecraft:drop":4,"minecraft:damage_dealt":1720,"minecraft:swim_one_cm":14758,"minecraft:fly_one_cm":36774,"minecraft:crouch_one_cm":2203,"minecraft:play_time":39907,"minecraft:deaths":1,"minecraft:sneak_time":1833,"minecraft:walk_under_water_one_cm":7199,"minecraft:jump":404,"minecraft:walk_on_water_one_cm":6181,"minecraft:interact_with_smoker":8,"minecraft:total_world_time":39907,"minecraft:fall_one_cm":10056},"minecraft:used":{"minecraft:rose_bush":1,"minecraft:stone_pickaxe":198,"minecraft:oak_planks":22,"minecraft:wooden_pickaxe":4,"minecraft:cooked_chicken":1,"minecraft:rotten_flesh":2,"minecraft:torch":24,"minecraft:crafting_table":6,"minecraft:dripstone_block":1,"minecraft:granite":12,"minecraft:smoker":1,"minecraft:wooden_axe":18,"minecraft:stone_axe":47,"minecraft:golden_carrot":2,"minecraft:cobblestone":13,"minecraft:furnace":4,"minecraft:cooked_beef":2}},"DataVersion":3465}