{"stats":{"minecraft:crafted":{"minecraft:oak_planks":68,"minecraft:smooth_stone":3,"minecraft:cooked_chicken":2,"minecraft:furnace":3,"minecraft:blast_furnace":1,"minecraft:stone":3,"minecraft:cooked_mutton":19,"minecraft:flint_and_steel":1,"minecraft:diamond_helmet":1,"minecraft:diamond_leggings":1,"minecraft:iron_boots":1,"minecraft:stone_pickaxe":2,"minecraft:chest":2,"minecraft:diamond_boots":1,"minecraft:smoker":2,"minecraft:cooked_beef":14,"minecraft:oak_slab":6,"minecraft:diamond_sword":1,"minecraft:cooked_porkchop":7,"minecraft:diamond_axe":1,"minecraft:crafting_table":1,"minecraft:iron_helmet":1,"minecraft:iron_sword":1,"minecraft:bucket":1,"minecraft:stone_axe":1,"minecraft:bread":2,"minecraft:air":0,"minecraft:iron_chestplate":1,"minecraft:diamond_pickaxe":1,"minecraft:shield":1,"minecraft:stick":52,"minecraft:iron_ingot":74,"minecraft:iron_pickaxe":2,"minecraft:iron_leggings":1,"minecraft:white_bed":1,"minecraft:torch":64,"minecraft:diamond_chestplate":1},"minecraft:dropped":{"minecraft:water_bucket":1,"minecraft:iron_ingot":34,"minecraft:iron_sword":2,"minecraft:moss_block":1,"minecraft:wheat_seeds":3,"minecraft:cooked_beef":15,"minecraft:diamond":30,"minecraft:dripstone_block":4,"minecraft:iron_helmet":2,"minecraft:feather":2,"minecraft:cobblestone":77,"minecraft:granite":3,"minecraft:tropical_fish":16,"minecraft:coal":3,"minecraft:stick":14,"minecraft:flint":1,"minecraft:dirt":2,"minecraft:diorite":7,"minecraft:wooden_axe":1,"modminds:totemeon":5,"minecraft:iron_leggings":2,"minecraft:iron_pickaxe":1,"minecraft:bone":6,"minecraft:gravel":2,"minecraft:stone_axe":1,"minecraft:cooked_chicken":2,"minecraft:cobbled_deepslate":433,"minecraft:raw_copper":10,"minecraft:tuff":20,"minecraft:obsidian":6,"minecraft:pointed_dripstone":8,"minecraft:rotten_flesh":6,"minecraft:oak_planks":6,"minecraft:iron_boots":3,"minecraft:cooked_mutton":6,"dedsafio_3:deditas":80,"minecraft:pumpkin_seeds":1,"minecraft:iron_chestplate":2,"minecraft:andesite":7,"minecraft:arrow":2,"minecraft:wooden_pickaxe":1,"minecraft:stone_pickaxe":2,"minecraft:magma_block":1,"minecraft:netherrack":152},"minecraft:picked_up":{"minecraft:wooden_axe":2,"minecraft:iron_chestplate":1,"minecraft:crafting_table":15,"minecraft:chicken":3,"minecraft:wooden_pickaxe":2,"minecraft:string":4,"minecraft:raw_copper":10,"minecraft:iron_leggings":1,"minecraft:cobbled_deepslate":540,"minecraft:beef":17,"minecraft:rose_bush":1,"minecraft:iron_pickaxe":1,"minecraft:light_gray_wool":1,"minecraft:chest":2,"minecraft:iron_boots":2,"minecraft:furnace":6,"minecraft:stick":5,"minecraft:raw_iron":97,"minecraft:torch":42,"minecraft:porkchop":8,"minecraft:diorite":7,"minecraft:pointed_dripstone":8,"minecraft:arrow":8,"minecraft:rotten_flesh":8,"minecraft:tropical_fish":18,"modminds:totemeon":11,"dedsafio_3:espada_fantasmal":1,"minecraft:obsidian":12,"minecraft:mutton":19,"minecraft:cobblestone":314,"minecraft:white_wool":12,"minecraft:magma_block":1,"minecraft:feather":6,"minecraft:cooked_beef":10,"minecraft:golden_carrot":2,"minecraft:water_bucket":1,"minecraft:andesite":7,"minecraft:leather":13,"minecraft:smoker":1,"minecraft:flint":2,"minecraft:tuff":28,"minecraft:oak_log":36,"dedsafio_3:deditas":40,"minecraft:ancient_debris":2,"minecraft:dirt":26,"minecraft:bone":14,"minecraft:wheat_seeds":3,"minecraft:stone_pickaxe":2,"minecraft:iron_ingot":4,"minecraft:cooked_chicken":1,"modminds:nutritotem":3,"minecraft:iron_sword":1,"minecraft:moss_block":1,"minecraft:oak_planks":29,"minecraft:sweet_berries":49,"minecraft:gravel":2,"minecraft:dripstone_block":5,"minecraft:blast_furnace":5,"minecraft:white_bed":1,"minecraft:pumpkin_seeds":1,"minecraft:slime_ball":6,"minecraft:diamond":82,"minecraft:stone_axe":1,"minecraft:iron_helmet":1,"minecraft:granite":16,"minecraft:gray_wool":2,"minecraft:netherrack":135,"minecraft:coal":399},"minecraft:broken":{"minecraft:stone_pickaxe":1,"minecraft:iron_pickaxe":2},"minecraft:killed_by":{"minecraft:creeper":1},"minecraft:killed":{"minecraft:spider":2,"dedsafio_3:rana_gigante":2,"minecraft:skeleton":4,"minecraft:chicken":3,"dedsafio_3:sapo":4,"minecraft:pig":4,"minecraft:creeper":1,"minecraft:sheep":13,"minecraft:zombie":8,"dedsafio_3:creeper_cake":5,"minecraft:cow":8},"minecraft:mined":{"minecraft:tuff":18,"minecraft:white_bed":1,"minecraft:deepslate_diamond_ore":82,"minecraft:granite":17,"minecraft:grass_block":3,"minecraft:moss_block":1,"minecraft:magma_block":1,"minecraft:furnace":6,"minecraft:fire":29,"minecraft:iron_ore":67,"minecraft:cobbled_deepslate":2,"minecraft:andesite":5,"minecraft:deepslate_iron_ore":2,"minecraft:stone":256,"minecraft:smoker":2,"minecraft:powder_snow":38,"minecraft:crafting_table":14,"minecraft:blast_furnace":5,"minecraft:chest":2,"minecraft:rose_bush":1,"minecraft:tall_grass":5,"minecraft:cobblestone":17,"minecraft:oak_planks":2,"minecraft:diorite":7,"minecraft:wall_torch":1,"minecraft:sweet_berry_bush":21,"minecraft:grass":15,"minecraft:oak_log":25,"minecraft:coal_ore":147,"minecraft:gravel":5,"minecraft:dripstone_block":1,"minecraft:dirt":4,"minecraft:ancient_debris":3,"minecraft:netherrack":61,"minecraft:oak_leaves":9,"minecraft:deepslate":318},"minecraft:custom":{"minecraft:mob_kills":57,"minecraft:interact_with_crafting_table":37,"minecraft:leave_game":8,"minecraft:time_since_death":122435,"minecraft:climb_one_cm":42,"minecraft:sprint_one_cm":159306,"minecraft:walk_one_cm":260666,"minecraft:damage_blocked_by_shield":75,"minecraft:drop":100,"minecraft:play_time":144608,"minecraft:deaths":1,"minecraft:sneak_time":17118,"minecraft:walk_under_water_one_cm":11289,"minecraft:jump":1499,"minecraft:interact_with_blast_furnace":41,"minecraft:walk_on_water_one_cm":9682,"minecraft:total_world_time":144608,"minecraft:interact_with_furnace":14,"minecraft:sleep_in_bed":7,"minecraft:time_since_rest":46393,"minecraft:damage_taken":3318,"minecraft:damage_absorbed":80,"minecraft:damage_dealt":7256,"minecraft:swim_one_cm":15780,"minecraft:fly_one_cm":137754,"minecraft:open_chest":31,"minecraft:crouch_one_cm":36101,"minecraft:interact_with_smoker":21,"minecraft:fall_one_cm":33700},"minecraft:used":{"minecraft:rose_bush":1,"minecraft:flint_and_steel":1,"minecraft:tropical_fish":2,"minecraft:chest":4,"minecraft:shield":1,"minecraft:iron_sword":117,"minecraft:cooked_chicken":1,"minecraft:rotten_flesh":2,"minecraft:netherrack":5,"minecraft:torch":31,"minecraft:dirt":4,"minecraft:tuff":8,"minecraft:granite":13,"minecraft:obsidian":3,"dedsafio_3:espada_fantasmal":1,"minecraft:wooden_axe":18,"minecraft:lava_bucket":1,"minecraft:iron_helmet":1,"minecraft:iron_boots":1,"minecraft:golden_carrot":2,"minecraft:beef":3,"minecraft:sweet_berries":37,"minecraft:furnace":6,"minecraft:cooked_beef":5,"minecraft:cobbled_deepslate":63,"minecraft:cooked_mutton":13,"minecraft:water_bucket":2,"minecraft:stone_pickaxe":201,"minecraft:oak_planks":25,"minecraft:wooden_pickaxe":4,"minecraft:diamond_axe":1,"minecraft:white_wool":1,"minecraft:oak_slab":1,"minecraft:crafting_table":14,"minecraft:blast_furnace":6,"minecraft:white_bed":2,"minecraft:dripstone_block":1,"minecraft:smoker":3,"minecraft:diamond_pickaxe":350,"minecraft:bread":4,"minecraft:iron_pickaxe":502,"minecraft:stone_axe":72,"minecraft:cobblestone":134,"minecraft:bucket":3}},"DataVersion":3465}