{"stats":{"minecraft:crafted":{"minecraft:cooked_beef":5,"minecraft:smooth_stone":3,"minecraft:oak_planks":64,"minecraft:crafting_table":1,"minecraft:iron_helmet":1,"minecraft:iron_sword":1,"minecraft:furnace":3,"minecraft:blast_furnace":1,"minecraft:stone":3,"minecraft:stone_axe":1,"minecraft:air":0,"minecraft:iron_boots":1,"minecraft:iron_chestplate":1,"minecraft:shield":1,"minecraft:stick":24,"minecraft:iron_ingot":28,"minecraft:iron_pickaxe":1,"minecraft:stone_pickaxe":2,"minecraft:torch":64,"minecraft:smoker":1},"minecraft:dropped":{"minecraft:rotten_flesh":2,"minecraft:granite":2,"minecraft:stone_pickaxe":2},"minecraft:picked_up":{"minecraft:wooden_axe":2,"minecraft:crafting_table":9,"minecraft:feather":4,"minecraft:cooked_beef":4,"minecraft:chicken":1,"minecraft:golden_carrot":2,"minecraft:andesite":3,"minecraft:leather":8,"minecraft:wooden_pickaxe":2,"minecraft:oak_log":31,"minecraft:dirt":2,"minecraft:string":2,"minecraft:raw_copper":10,"minecraft:bone":6,"minecraft:beef":5,"minecraft:stone_pickaxe":2,"minecraft:cooked_chicken":1,"minecraft:rose_bush":1,"minecraft:moss_block":1,"minecraft:oak_planks":4,"minecraft:furnace":6,"minecraft:stick":4,"minecraft:raw_iron":49,"minecraft:sweet_berries":46,"minecraft:torch":42,"minecraft:dripstone_block":5,"minecraft:porkchop":1,"minecraft:pointed_dripstone":8,"minecraft:blast_furnace":1,"minecraft:arrow":4,"minecraft:rotten_flesh":5,"minecraft:slime_ball":1,"minecraft:tropical_fish":18,"minecraft:stone_axe":1,"minecraft:granite":16,"minecraft:coal":230,"minecraft:white_wool":1,"minecraft:cobblestone":83},"minecraft:broken":{"minecraft:stone_pickaxe":1},"minecraft:killed_by":{"minecraft:creeper":1},"minecraft:mined":{"minecraft:smoker":1,"minecraft:crafting_table":8,"minecraft:granite":17,"minecraft:blast_furnace":1,"minecraft:grass_block":1,"minecraft:rose_bush":1,"minecraft:cobblestone":10,"minecraft:moss_block":1,"minecraft:oak_planks":1,"minecraft:wall_torch":1,"minecraft:furnace":6,"minecraft:iron_ore":21,"minecraft:sweet_berry_bush":9,"minecraft:andesite":3,"minecraft:grass":4,"minecraft:oak_log":20,"minecraft:coal_ore":118,"minecraft:dripstone_block":1,"minecraft:stone":71,"minecraft:oak_leaves":7},"minecraft:killed":{"dedsafio_3:sapo":1,"minecraft:pig":1,"dedsafio_3:rana_gigante":1,"minecraft:skeleton":1,"minecraft:zombie":5,"minecraft:chicken":1,"dedsafio_3:creeper_cake":5,"minecraft:cow":3},"minecraft:custom":{"minecraft:interact_with_furnace":14,"minecraft:mob_kills":19,"minecraft:interact_with_crafting_table":19,"minecraft:leave_game":4,"minecraft:time_since_death":28746,"minecraft:time_since_rest":28751,"minecraft:sprint_one_cm":73860,"minecraft:damage_taken":1179,"minecraft:walk_one_cm":102026,"minecraft:damage_blocked_by_shield":75,"minecraft:drop":5,"minecraft:damage_dealt":2690,"minecraft:swim_one_cm":14758,"minecraft:fly_one_cm":58931,"minecraft:crouch_one_cm":4302,"minecraft:play_time":50919,"minecraft:deaths":1,"minecraft:sneak_time":2767,"minecraft:walk_under_water_one_cm":8371,"minecraft:jump":614,"minecraft:interact_with_blast_furnace":10,"minecraft:walk_on_water_one_cm":8182,"minecraft:interact_with_smoker":8,"minecraft:total_world_time":50919,"minecraft:fall_one_cm":15297},"minecraft:used":{"minecraft:rose_bush":1,"minecraft:tropical_fish":2,"minecraft:stone_pickaxe":201,"minecraft:oak_planks":22,"minecraft:wooden_pickaxe":4,"minecraft:shield":1,"minecraft:iron_sword":8,"minecraft:cooked_chicken":1,"minecraft:rotten_flesh":2,"minecraft:torch":24,"minecraft:crafting_table":8,"minecraft:blast_furnace":1,"minecraft:dripstone_block":1,"minecraft:granite":13,"minecraft:smoker":1,"minecraft:wooden_axe":18,"minecraft:iron_pickaxe":53,"minecraft:iron_helmet":1,"minecraft:iron_boots":1,"minecraft:stone_axe":57,"minecraft:golden_carrot":2,"minecraft:cobblestone":35,"minecraft:sweet_berries":8,"minecraft:furnace":6,"minecraft:cooked_beef":5}},"DataVersion":3465}