{"stats":{"minecraft:killed":{"minecraft:pig":1,"dedsafio_3:rana_gigante":1,"minecraft:skeleton":1,"minecraft:zombie":3,"minecraft:chicken":1,"dedsafio_3:creeper_cake":1,"minecraft:cow":3},"minecraft:custom":{"minecraft:interact_with_furnace":1,"minecraft:mob_kills":11,"minecraft:interact_with_crafting_table":6,"minecraft:leave_game":2,"minecraft:time_since_death":8518,"minecraft:time_since_rest":8523,"minecraft:sprint_one_cm":50803,"minecraft:damage_taken":753,"minecraft:walk_one_cm":63368,"minecraft:drop":2,"minecraft:damage_dealt":1619,"minecraft:swim_one_cm":7803,"minecraft:fly_one_cm":32648,"minecraft:crouch_one_cm":482,"minecraft:play_time":30691,"minecraft:deaths":1,"minecraft:sneak_time":768,"minecraft:walk_under_water_one_cm":3259,"minecraft:jump":323,"minecraft:walk_on_water_one_cm":3061,"minecraft:total_world_time":30691,"minecraft:interact_with_smoker":8,"minecraft:fall_one_cm":9847},"minecraft:used":{"minecraft:rose_bush":1,"minecraft:stone_pickaxe":126,"minecraft:oak_planks":22,"minecraft:wooden_pickaxe":4,"minecraft:cooked_chicken":1,"minecraft:rotten_flesh":2,"minecraft:torch":24,"minecraft:crafting_table":4,"minecraft:dripstone_block":1,"minecraft:smoker":1,"minecraft:wooden_axe":18,"minecraft:stone_axe":45,"minecraft:cobblestone":13,"minecraft:golden_carrot":2,"minecraft:furnace":1,"minecraft:cooked_beef":2},"minecraft:crafted":{"minecraft:cooked_beef":5,"minecraft:oak_planks":64,"minecraft:crafting_table":1,"minecraft:furnace":2,"minecraft:stone_axe":1,"minecraft:air":0,"minecraft:stick":20,"minecraft:stone_pickaxe":1,"minecraft:torch":64,"minecraft:smoker":1},"minecraft:mined":{"minecraft:smoker":1,"minecraft:crafting_table":4,"minecraft:granite":14,"minecraft:grass_block":1,"minecraft:rose_bush":1,"minecraft:cobblestone":4,"minecraft:oak_planks":1,"minecraft:wall_torch":1,"minecraft:furnace":1,"minecraft:iron_ore":14,"minecraft:sweet_berry_bush":9,"minecraft:andesite":3,"minecraft:grass":3,"minecraft:coal_ore":36,"minecraft:oak_log":20,"minecraft:dripstone_block":1,"minecraft:stone":49,"minecraft:oak_leaves":7},"minecraft:picked_up":{"minecraft:wooden_axe":2,"minecraft:crafting_table":5,"minecraft:feather":4,"minecraft:cooked_beef":4,"minecraft:chicken":1,"minecraft:golden_carrot":2,"minecraft:andesite":3,"minecraft:leather":8,"minecraft:wooden_pickaxe":2,"minecraft:oak_log":31,"minecraft:string":2,"minecraft:dirt":2,"minecraft:raw_copper":10,"minecraft:bone":6,"minecraft:beef":5,"minecraft:stone_pickaxe":1,"minecraft:cooked_chicken":1,"minecraft:rose_bush":1,"minecraft:oak_planks":4,"minecraft:furnace":1,"minecraft:stick":4,"minecraft:raw_iron":42,"minecraft:sweet_berries":46,"minecraft:torch":42,"minecraft:dripstone_block":5,"minecraft:porkchop":1,"minecraft:pointed_dripstone":8,"minecraft:arrow":4,"minecraft:rotten_flesh":4,"minecraft:stone_axe":1,"minecraft:granite":13,"minecraft:coal":35,"minecraft:cobblestone":55,"minecraft:white_wool":1},"minecraft:dropped":{"minecraft:rotten_flesh":2},"minecraft:killed_by":{"minecraft:creeper":1}},"DataVersion":3465}