{"stats":{"minecraft:crafted":{"minecraft:iron_boots":1,"minecraft:iron_chestplate":1,"minecraft:iron_axe":1,"minecraft:crafting_table":2,"minecraft:spruce_planks":20,"minecraft:stick":12,"minecraft:iron_helmet":1,"minecraft:cooked_chicken":1,"minecraft:wooden_pickaxe":1,"minecraft:iron_ingot":53,"minecraft:iron_pickaxe":1,"minecraft:stone_pickaxe":2,"minecraft:iron_leggings":1,"minecraft:furnace":1,"minecraft:bucket":1,"minecraft:stone_axe":1,"minecraft:cooked_mutton":2,"minecraft:air":0},"minecraft:dropped":{"minecraft:stone_axe":1,"minecraft:andesite":21,"minecraft:crafting_table":1,"minecraft:feather":2,"minecraft:stone_pickaxe":1,"minecraft:wooden_pickaxe":1},"minecraft:picked_up":{"minecraft:iron_chestplate":1,"minecraft:crafting_table":9,"minecraft:raw_iron":87,"minecraft:feather":4,"minecraft:chicken":1,"minecraft:andesite":42,"minecraft:wooden_pickaxe":1,"minecraft:spruce_sapling":2,"minecraft:spruce_log":5,"minecraft:dirt":44,"minecraft:iron_leggings":1,"minecraft:iron_axe":1,"minecraft:stone_axe":1,"minecraft:spruce_planks":3,"minecraft:iron_ingot":5,"minecraft:stone_pickaxe":1,"minecraft:iron_pickaxe":1,"minecraft:iron_boots":1,"minecraft:mutton":4,"minecraft:coal":240,"minecraft:white_wool":2,"minecraft:cobblestone":286,"minecraft:furnace":5},"minecraft:broken":{"minecraft:stone_pickaxe":1},"minecraft:mined":{"minecraft:furnace":4,"minecraft:iron_ore":53,"minecraft:spruce_log":5,"minecraft:andesite":21,"minecraft:crafting_table":6,"minecraft:grass":2,"minecraft:grass_block":6,"minecraft:coal_ore":55,"minecraft:dirt":25,"minecraft:spruce_leaves":22,"minecraft:stone":156},"minecraft:killed":{"minecraft:sheep":1,"minecraft:chicken":1,"dedsafio_3:esquelo_dog":2},"minecraft:custom":{"minecraft:time_since_rest":8829,"minecraft:interact_with_furnace":69,"minecraft:sprint_one_cm":17604,"minecraft:damage_taken":450,"minecraft:walk_one_cm":57103,"minecraft:mob_kills":4,"minecraft:drop":6,"minecraft:damage_dealt":280,"minecraft:interact_with_crafting_table":21,"minecraft:fly_one_cm":29406,"minecraft:crouch_one_cm":795,"minecraft:play_time":35124,"minecraft:deaths":1,"minecraft:sneak_time":766,"minecraft:jump":205,"minecraft:leave_game":1,"minecraft:time_since_death":8822,"minecraft:total_world_time":35124,"minecraft:fall_one_cm":5040},"minecraft:used":{"minecraft:cooked_mutton":2,"minecraft:iron_axe":9,"minecraft:stone_pickaxe":141,"minecraft:iron_pickaxe":145,"minecraft:wooden_pickaxe":8,"minecraft:iron_boots":1,"minecraft:cooked_chicken":1,"minecraft:stone_axe":3,"minecraft:iron_chestplate":1,"minecraft:dirt":12,"minecraft:cobblestone":11,"minecraft:crafting_table":6,"minecraft:furnace":4,"minecraft:iron_leggings":1}},"DataVersion":3465}