{"stats":{"minecraft:crafted":{"minecraft:oak_planks":40,"minecraft:cobblestone_slab":12,"minecraft:oak_sign":3,"minecraft:tripwire_hook":2,"minecraft:cooked_chicken":1,"minecraft:furnace":2,"minecraft:lever":1,"minecraft:cooked_mutton":17,"minecraft:hopper":3,"minecraft:diamond_helmet":2,"minecraft:diamond_leggings":3,"minecraft:iron_boots":1,"minecraft:iron_axe":1,"minecraft:stone_pickaxe":2,"minecraft:chest":12,"minecraft:diamond_boots":2,"minecraft:wheat":225,"minecraft:red_dye":4,"minecraft:diamond_sword":2,"minecraft:diamond_axe":1,"minecraft:crafting_table":5,"minecraft:spruce_planks":20,"minecraft:iron_helmet":1,"minecraft:wooden_pickaxe":1,"minecraft:bucket":2,"minecraft:birch_planks":76,"minecraft:stone_axe":1,"minecraft:orange_dye":8,"minecraft:bread":75,"minecraft:air":0,"minecraft:diamond_pickaxe":1,"minecraft:iron_chestplate":1,"minecraft:yellow_dye":5,"minecraft:shield":1,"minecraft:stick":44,"minecraft:iron_ingot":104,"minecraft:iron_pickaxe":6,"minecraft:birch_trapdoor":2,"minecraft:stone_sword":1,"minecraft:iron_leggings":1,"minecraft:light_gray_dye":2,"minecraft:white_bed":1,"minecraft:torch":48,"minecraft:shears":1,"minecraft:diamond_chestplate":2},"minecraft:dropped":{"minecraft:wheat_seeds":93,"minecraft:diamond":82,"minecraft:crafting_table":1,"minecraft:diamond_leggings":1,"minecraft:oak_fence":8,"minecraft:feather":2,"minecraft:rail":3,"minecraft:stick":1,"minecraft:flint":3,"minecraft:dirt":2,"dedsafio_3:alma_golem":1,"minecraft:ice":3,"minecraft:yellow_dye":1,"minecraft:diamond_helmet":1,"minecraft:iron_pickaxe":1,"minecraft:iron_shovel":1,"minecraft:stone_axe":1,"minecraft:pointed_dripstone":6,"minecraft:oak_planks":1,"dedsafio_3:deditas":16,"minecraft:diamond_sword":1,"minecraft:shield":1,"minecraft:diamond_chestplate":1,"minecraft:andesite":21,"minecraft:jungle_log":1,"minecraft:melon_seeds":5,"minecraft:spider_eye":1,"minecraft:light_gray_dye":2,"minecraft:diamond_boots":1,"minecraft:wooden_pickaxe":1,"minecraft:stone_pickaxe":1},"minecraft:picked_up":{"minecraft:crafting_table":14,"minecraft:iron_chestplate":4,"minecraft:azure_bluet":1,"minecraft:chicken":1,"minecraft:packed_ice":3,"minecraft:wooden_pickaxe":1,"minecraft:oak_stairs":1,"minecraft:gold_block":3,"minecraft:shield":4,"minecraft:raw_copper":361,"minecraft:cornflower":7,"minecraft:string":170,"minecraft:iron_axe":4,"minecraft:iron_leggings":3,"minecraft:iron_shovel":1,"minecraft:oak_sign":3,"minecraft:diamond_leggings":6,"minecraft:cobbled_deepslate":743,"minecraft:spruce_planks":3,"minecraft:beef":26,"minecraft:cobblestone_slab":14,"minecraft:jungle_sapling":1,"minecraft:poppy":4,"minecraft:iron_pickaxe":4,"minecraft:light_gray_wool":1,"minecraft:chest":10,"minecraft:spruce_trapdoor":3,"minecraft:furnace":9,"minecraft:iron_boots":4,"minecraft:stick":8,"minecraft:raw_iron":124,"minecraft:oak_fence":47,"minecraft:birch_trapdoor":5,"minecraft:torch":87,"dedsafio_3:alma_golem":1,"minecraft:pointed_dripstone":11,"minecraft:diorite":31,"minecraft:carrot":4,"minecraft:tnt":64,"minecraft:arrow":10,"minecraft:diamond_chestplate":2,"minecraft:diamond_boots":2,"minecraft:hay_block":25,"minecraft:mutton":19,"minecraft:cobblestone":1276,"minecraft:rail":20,"minecraft:white_wool":11,"minecraft:oxeye_daisy":1,"minecraft:birch_log":19,"minecraft:feather":4,"minecraft:water_bucket":4,"minecraft:tripwire_hook":6,"minecraft:andesite":61,"minecraft:jungle_log":1,"minecraft:leather":14,"minecraft:potato":1,"minecraft:birch_planks":6,"minecraft:ice":3,"minecraft:flint":3,"minecraft:tuff":31,"minecraft:oak_log":11,"dedsafio_3:deditas":16,"minecraft:lapis_lazuli":128,"minecraft:dirt":157,"minecraft:bone":1,"minecraft:wheat_seeds":97,"minecraft:raw_gold":6,"minecraft:stone_pickaxe":2,"minecraft:iron_ingot":127,"modminds:nutritotem":4,"minecraft:diamond_helmet":3,"minecraft:oak_planks":46,"minecraft:dripstone_block":2,"minecraft:dandelion":6,"minecraft:gravel":36,"minecraft:spruce_sapling":2,"minecraft:white_bed":6,"minecraft:spruce_log":5,"minecraft:spider_eye":11,"minecraft:diamond":151,"minecraft:lever":2,"minecraft:stone_axe":2,"dedsafio_3:dedita_gold":1,"minecraft:iron_helmet":3,"minecraft:granite":9,"minecraft:bread":186,"minecraft:melon_seeds":5,"minecraft:coal":309,"minecraft:hopper":7},"minecraft:broken":{"minecraft:stone_sword":1,"minecraft:stone_pickaxe":1,"minecraft:iron_pickaxe":5},"minecraft:killed_by":{"minecraft:cave_spider":3},"minecraft:killed":{"minecraft:cave_spider":7,"dedsafio_3:esquelo_dog":2,"minecraft:spider":11,"minecraft:skeleton":2,"minecraft:chicken":1,"dedsafio_3:fantasma_rojo":2,"minecraft:cat":2,"minecraft:iron_golem":2,"minecraft:sheep":11,"minecraft:zombie":1,"dedsafio_3:creeper_cake":1,"minecraft:cow":14},"minecraft:mined":{"minecraft:tuff":31,"minecraft:white_bed":6,"minecraft:deepslate_diamond_ore":75,"minecraft:jungle_leaves":53,"minecraft:spruce_trapdoor":6,"minecraft:granite":4,"minecraft:glow_lichen":1,"minecraft:lever":1,"minecraft:grass_block":26,"minecraft:jungle_log":1,"minecraft:hopper":7,"minecraft:spruce_leaves":22,"minecraft:oak_wall_sign":1,"minecraft:oxeye_daisy":1,"minecraft:hay_block":25,"minecraft:furnace":6,"minecraft:carrots":1,"minecraft:iron_ore":90,"minecraft:fire":3,"minecraft:andesite":42,"minecraft:deepslate_lapis_ore":5,"minecraft:azure_bluet":1,"minecraft:gold_block":3,"minecraft:pointed_dripstone":4,"minecraft:potatoes":1,"minecraft:cobblestone_slab":4,"minecraft:oak_stairs":1,"minecraft:packed_ice":6,"minecraft:stone":453,"minecraft:tripwire":9,"minecraft:dandelion":5,"minecraft:oak_fence":17,"minecraft:crafting_table":11,"minecraft:cornflower":4,"minecraft:torch":2,"minecraft:poppy":4,"minecraft:chest":10,"minecraft:copper_ore":6,"minecraft:tall_grass":4,"minecraft:cobblestone":59,"minecraft:oak_planks":41,"minecraft:diorite":31,"minecraft:wall_torch":3,"minecraft:deepslate_copper_ore":5,"minecraft:birch_log":19,"minecraft:wheat":94,"minecraft:birch_trapdoor":5,"minecraft:spruce_log":5,"minecraft:tnt":25,"minecraft:grass":16,"minecraft:oak_log":11,"minecraft:coal_ore":55,"minecraft:dripstone_block":2,"minecraft:gravel":31,"minecraft:dirt":98,"minecraft:cobweb":66,"minecraft:tripwire_hook":6,"minecraft:gold_ore":6,"minecraft:oak_leaves":3,"minecraft:deepslate":640},"minecraft:custom":{"minecraft:mob_kills":56,"minecraft:inspect_hopper":2,"minecraft:interact_with_crafting_table":56,"minecraft:bell_ring":12,"minecraft:leave_game":4,"minecraft:time_since_death":22136,"minecraft:climb_one_cm":1492,"minecraft:sprint_one_cm":378275,"minecraft:walk_one_cm":607189,"minecraft:damage_blocked_by_shield":345,"minecraft:drop":43,"minecraft:talked_to_villager":19,"minecraft:play_time":267960,"minecraft:deaths":4,"minecraft:sneak_time":4849,"minecraft:walk_under_water_one_cm":8067,"minecraft:jump":2686,"minecraft:walk_on_water_one_cm":58814,"minecraft:total_world_time":267960,"minecraft:interact_with_furnace":81,"minecraft:sleep_in_bed":12,"minecraft:time_since_rest":22142,"minecraft:damage_taken":10608,"minecraft:damage_absorbed":100,"minecraft:damage_dealt":7004,"minecraft:swim_one_cm":30943,"minecraft:fly_one_cm":475618,"minecraft:open_chest":68,"minecraft:crouch_one_cm":8847,"minecraft:fall_one_cm":49415},"minecraft:used":{"minecraft:oak_fence":3,"minecraft:stone_sword":66,"minecraft:oak_sign":3,"minecraft:chest":19,"minecraft:shield":8,"minecraft:cooked_chicken":1,"minecraft:iron_chestplate":1,"minecraft:torch":36,"minecraft:dirt":106,"minecraft:hopper":10,"minecraft:tuff":7,"minecraft:granite":3,"minecraft:packed_ice":3,"minecraft:iron_axe":153,"minecraft:oak_stairs":1,"minecraft:iron_boots":1,"minecraft:light_gray_wool":1,"minecraft:tripwire_hook":6,"minecraft:birch_trapdoor":5,"minecraft:furnace":7,"minecraft:cobbled_deepslate":11,"minecraft:iron_leggings":1,"minecraft:pointed_dripstone":2,"minecraft:cooked_mutton":14,"minecraft:water_bucket":60,"minecraft:diorite":6,"minecraft:stone_pickaxe":141,"minecraft:oak_planks":2,"minecraft:wooden_pickaxe":8,"minecraft:diamond_axe":52,"minecraft:cobblestone_slab":11,"minecraft:crafting_table":14,"minecraft:white_bed":7,"minecraft:dripstone_block":1,"minecraft:shears":4,"minecraft:lever":2,"minecraft:bread":29,"minecraft:string":17,"minecraft:iron_pickaxe":1408,"minecraft:spruce_trapdoor":3,"minecraft:gravel":1,"minecraft:stone_axe":3,"minecraft:diamond_sword":26,"minecraft:cobblestone":116,"minecraft:andesite":19,"minecraft:bucket":62}},"DataVersion":3465}