{"stats":{"minecraft:crafted":{"minecraft:tripwire_hook":2,"minecraft:cooked_chicken":1,"minecraft:furnace":1,"minecraft:lever":1,"minecraft:cooked_mutton":17,"minecraft:iron_boots":1,"minecraft:iron_axe":1,"minecraft:stone_pickaxe":2,"minecraft:chest":1,"minecraft:wheat":225,"minecraft:red_dye":4,"minecraft:crafting_table":4,"minecraft:spruce_planks":20,"minecraft:iron_helmet":1,"minecraft:wooden_pickaxe":1,"minecraft:bucket":1,"minecraft:birch_planks":52,"minecraft:stone_axe":1,"minecraft:orange_dye":8,"minecraft:bread":75,"minecraft:air":0,"minecraft:iron_chestplate":1,"minecraft:yellow_dye":5,"minecraft:shield":1,"minecraft:stick":32,"minecraft:iron_ingot":53,"minecraft:iron_pickaxe":3,"minecraft:birch_trapdoor":2,"minecraft:stone_sword":1,"minecraft:iron_leggings":1,"minecraft:light_gray_dye":2,"minecraft:white_bed":1,"minecraft:torch":48,"minecraft:shears":1},"minecraft:dropped":{"minecraft:wheat_seeds":91,"minecraft:crafting_table":1,"minecraft:feather":2,"dedsafio_3:alma_golem":1,"minecraft:yellow_dye":1,"minecraft:stone_axe":1,"minecraft:andesite":21,"minecraft:melon_seeds":5,"minecraft:jungle_log":1,"minecraft:light_gray_dye":2,"minecraft:wooden_pickaxe":1,"minecraft:stone_pickaxe":1},"minecraft:picked_up":{"minecraft:iron_chestplate":1,"minecraft:crafting_table":12,"minecraft:azure_bluet":1,"minecraft:chicken":1,"minecraft:wooden_pickaxe":1,"minecraft:gold_block":3,"minecraft:cornflower":7,"minecraft:string":127,"minecraft:iron_axe":1,"minecraft:iron_leggings":1,"minecraft:cobbled_deepslate":128,"minecraft:spruce_planks":3,"minecraft:beef":26,"minecraft:jungle_sapling":1,"minecraft:poppy":4,"minecraft:iron_pickaxe":1,"minecraft:light_gray_wool":1,"minecraft:chest":1,"minecraft:iron_boots":1,"minecraft:furnace":6,"minecraft:raw_iron":87,"minecraft:birch_trapdoor":5,"minecraft:oak_fence":8,"minecraft:torch":5,"dedsafio_3:alma_golem":1,"minecraft:pointed_dripstone":4,"minecraft:diorite":31,"minecraft:hay_block":25,"minecraft:rail":3,"minecraft:mutton":19,"minecraft:cobblestone":510,"minecraft:white_wool":11,"minecraft:oxeye_daisy":1,"minecraft:birch_log":13,"minecraft:feather":4,"minecraft:tripwire_hook":6,"minecraft:andesite":42,"minecraft:jungle_log":1,"minecraft:leather":14,"minecraft:potato":1,"minecraft:flint":1,"minecraft:tuff":2,"minecraft:lapis_lazuli":10,"minecraft:dirt":92,"minecraft:wheat_seeds":96,"minecraft:raw_gold":6,"minecraft:stone_pickaxe":1,"minecraft:iron_ingot":7,"minecraft:oak_planks":5,"minecraft:dandelion":6,"minecraft:gravel":10,"minecraft:spruce_sapling":2,"minecraft:white_bed":5,"minecraft:spruce_log":5,"minecraft:spider_eye":1,"minecraft:diamond":2,"minecraft:stone_axe":1,"minecraft:lever":2,"minecraft:melon_seeds":5,"minecraft:coal":240},"minecraft:broken":{"minecraft:stone_sword":1,"minecraft:stone_pickaxe":1,"minecraft:iron_pickaxe":2},"minecraft:killed":{"minecraft:cave_spider":2,"dedsafio_3:esquelo_dog":2,"minecraft:chicken":1,"minecraft:cat":2,"minecraft:iron_golem":1,"minecraft:sheep":11,"minecraft:cow":14},"minecraft:mined":{"minecraft:tuff":2,"minecraft:white_bed":5,"minecraft:deepslate_diamond_ore":2,"minecraft:jungle_leaves":53,"minecraft:lever":1,"minecraft:grass_block":23,"minecraft:jungle_log":1,"minecraft:spruce_leaves":22,"minecraft:oxeye_daisy":1,"minecraft:hay_block":25,"minecraft:furnace":5,"minecraft:iron_ore":53,"minecraft:fire":3,"minecraft:andesite":21,"minecraft:deepslate_lapis_ore":3,"minecraft:azure_bluet":1,"minecraft:gold_block":3,"minecraft:pointed_dripstone":3,"minecraft:potatoes":1,"minecraft:stone":326,"minecraft:tripwire":9,"minecraft:dandelion":5,"minecraft:oak_fence":8,"minecraft:crafting_table":9,"minecraft:cornflower":4,"minecraft:poppy":4,"minecraft:chest":1,"minecraft:tall_grass":4,"minecraft:cobblestone":58,"minecraft:oak_planks":4,"minecraft:diorite":31,"minecraft:birch_log":13,"minecraft:wheat":94,"minecraft:birch_trapdoor":5,"minecraft:spruce_log":5,"minecraft:grass":14,"minecraft:coal_ore":55,"minecraft:gravel":5,"minecraft:dirt":41,"minecraft:cobweb":66,"minecraft:tripwire_hook":6,"minecraft:gold_ore":6,"minecraft:oak_leaves":3,"minecraft:deepslate":124},"minecraft:custom":{"minecraft:mob_kills":33,"minecraft:interact_with_crafting_table":33,"minecraft:bell_ring":12,"minecraft:leave_game":1,"minecraft:time_since_death":110822,"minecraft:climb_one_cm":1492,"minecraft:sprint_one_cm":256508,"minecraft:walk_one_cm":275227,"minecraft:damage_blocked_by_shield":105,"minecraft:drop":14,"minecraft:talked_to_villager":3,"minecraft:play_time":137124,"minecraft:deaths":1,"minecraft:sneak_time":1741,"minecraft:walk_under_water_one_cm":7771,"minecraft:jump":1710,"minecraft:walk_on_water_one_cm":39777,"minecraft:total_world_time":137124,"minecraft:interact_with_furnace":71,"minecraft:sleep_in_bed":6,"minecraft:time_since_rest":19846,"minecraft:damage_taken":867,"minecraft:damage_dealt":3993,"minecraft:swim_one_cm":30943,"minecraft:fly_one_cm":336208,"minecraft:open_chest":18,"minecraft:crouch_one_cm":3110,"minecraft:fall_one_cm":35404},"minecraft:used":{"minecraft:stone_sword":66,"minecraft:chest":2,"minecraft:shield":2,"minecraft:cooked_chicken":1,"minecraft:iron_chestplate":1,"minecraft:torch":23,"minecraft:dirt":51,"minecraft:iron_axe":95,"minecraft:iron_boots":1,"minecraft:light_gray_wool":1,"minecraft:birch_trapdoor":5,"minecraft:tripwire_hook":6,"minecraft:furnace":5,"minecraft:cobbled_deepslate":1,"minecraft:pointed_dripstone":2,"minecraft:iron_leggings":1,"minecraft:cooked_mutton":14,"minecraft:water_bucket":54,"minecraft:diorite":6,"minecraft:stone_pickaxe":141,"minecraft:wooden_pickaxe":8,"minecraft:crafting_table":11,"minecraft:white_bed":6,"minecraft:shears":4,"minecraft:lever":2,"minecraft:bread":1,"minecraft:string":17,"minecraft:iron_pickaxe":548,"minecraft:stone_axe":3,"minecraft:cobblestone":95,"minecraft:bucket":55}},"DataVersion":3465}