{"stats":{"minecraft:crafted":{"minecraft:oak_planks":20,"minecraft:tripwire_hook":2,"minecraft:cooked_chicken":1,"minecraft:furnace":2,"minecraft:lever":1,"minecraft:cooked_mutton":17,"minecraft:diamond_helmet":2,"minecraft:diamond_leggings":3,"minecraft:iron_boots":1,"minecraft:iron_axe":1,"minecraft:stone_pickaxe":2,"minecraft:chest":7,"minecraft:diamond_boots":2,"minecraft:wheat":225,"minecraft:red_dye":4,"minecraft:diamond_axe":1,"minecraft:crafting_table":4,"minecraft:spruce_planks":20,"minecraft:iron_helmet":1,"minecraft:wooden_pickaxe":1,"minecraft:bucket":2,"minecraft:birch_planks":76,"minecraft:stone_axe":1,"minecraft:orange_dye":8,"minecraft:bread":75,"minecraft:air":0,"minecraft:diamond_pickaxe":1,"minecraft:iron_chestplate":1,"minecraft:yellow_dye":5,"minecraft:shield":1,"minecraft:stick":44,"minecraft:iron_ingot":87,"minecraft:iron_pickaxe":6,"minecraft:birch_trapdoor":2,"minecraft:stone_sword":1,"minecraft:iron_leggings":1,"minecraft:light_gray_dye":2,"minecraft:white_bed":1,"minecraft:torch":48,"minecraft:shears":1,"minecraft:diamond_chestplate":2},"minecraft:dropped":{"minecraft:wheat_seeds":93,"minecraft:diamond":82,"minecraft:crafting_table":1,"minecraft:diamond_leggings":1,"minecraft:oak_fence":8,"minecraft:feather":2,"minecraft:rail":3,"minecraft:stick":1,"minecraft:flint":3,"minecraft:dirt":2,"dedsafio_3:alma_golem":1,"minecraft:yellow_dye":1,"minecraft:diamond_helmet":1,"minecraft:iron_pickaxe":1,"minecraft:iron_shovel":1,"minecraft:stone_axe":1,"minecraft:pointed_dripstone":6,"minecraft:oak_planks":1,"dedsafio_3:deditas":16,"minecraft:shield":1,"minecraft:diamond_chestplate":1,"minecraft:andesite":21,"minecraft:jungle_log":1,"minecraft:melon_seeds":5,"minecraft:spider_eye":1,"minecraft:light_gray_dye":2,"minecraft:diamond_boots":1,"minecraft:wooden_pickaxe":1,"minecraft:stone_pickaxe":1},"minecraft:picked_up":{"minecraft:crafting_table":14,"minecraft:iron_chestplate":1,"minecraft:azure_bluet":1,"minecraft:chicken":1,"minecraft:wooden_pickaxe":1,"minecraft:oak_stairs":1,"minecraft:gold_block":3,"minecraft:shield":1,"minecraft:raw_copper":99,"minecraft:cornflower":7,"minecraft:string":127,"minecraft:iron_axe":1,"minecraft:iron_leggings":1,"minecraft:iron_shovel":1,"minecraft:cobbled_deepslate":557,"minecraft:spruce_planks":3,"minecraft:beef":26,"minecraft:jungle_sapling":1,"minecraft:poppy":4,"minecraft:iron_pickaxe":2,"minecraft:light_gray_wool":1,"minecraft:chest":1,"minecraft:furnace":6,"minecraft:iron_boots":1,"minecraft:stick":2,"minecraft:raw_iron":124,"minecraft:oak_fence":13,"minecraft:birch_trapdoor":5,"minecraft:torch":9,"dedsafio_3:alma_golem":1,"minecraft:pointed_dripstone":8,"minecraft:diorite":31,"minecraft:carrot":4,"minecraft:tnt":16,"minecraft:arrow":2,"minecraft:hay_block":25,"minecraft:mutton":19,"minecraft:cobblestone":616,"minecraft:rail":7,"minecraft:white_wool":11,"minecraft:oxeye_daisy":1,"minecraft:birch_log":19,"minecraft:feather":4,"minecraft:tripwire_hook":6,"minecraft:andesite":58,"minecraft:jungle_log":1,"minecraft:leather":14,"minecraft:potato":1,"minecraft:flint":3,"minecraft:tuff":31,"minecraft:oak_log":6,"dedsafio_3:deditas":16,"minecraft:lapis_lazuli":32,"minecraft:dirt":143,"minecraft:wheat_seeds":96,"minecraft:raw_gold":6,"minecraft:stone_pickaxe":1,"minecraft:iron_ingot":7,"modminds:nutritotem":3,"minecraft:oak_planks":12,"minecraft:dandelion":6,"minecraft:gravel":34,"minecraft:spruce_sapling":2,"minecraft:white_bed":6,"minecraft:spruce_log":5,"minecraft:spider_eye":1,"minecraft:diamond":151,"minecraft:lever":2,"minecraft:stone_axe":1,"dedsafio_3:dedita_gold":1,"minecraft:granite":2,"minecraft:melon_seeds":5,"minecraft:coal":240},"minecraft:broken":{"minecraft:stone_sword":1,"minecraft:stone_pickaxe":1,"minecraft:iron_pickaxe":5},"minecraft:killed":{"minecraft:cave_spider":2,"dedsafio_3:esquelo_dog":2,"minecraft:skeleton":1,"minecraft:chicken":1,"dedsafio_3:fantasma_rojo":2,"minecraft:cat":2,"minecraft:iron_golem":1,"minecraft:sheep":11,"minecraft:zombie":1,"minecraft:cow":14},"minecraft:mined":{"minecraft:tuff":31,"minecraft:white_bed":6,"minecraft:deepslate_diamond_ore":75,"minecraft:jungle_leaves":53,"minecraft:granite":4,"minecraft:glow_lichen":1,"minecraft:lever":1,"minecraft:grass_block":26,"minecraft:jungle_log":1,"minecraft:spruce_leaves":22,"minecraft:oxeye_daisy":1,"minecraft:hay_block":25,"minecraft:furnace":5,"minecraft:carrots":1,"minecraft:iron_ore":90,"minecraft:fire":3,"minecraft:andesite":40,"minecraft:deepslate_lapis_ore":5,"minecraft:azure_bluet":1,"minecraft:gold_block":3,"minecraft:pointed_dripstone":3,"minecraft:potatoes":1,"minecraft:oak_stairs":1,"minecraft:stone":442,"minecraft:tripwire":9,"minecraft:dandelion":5,"minecraft:oak_fence":17,"minecraft:crafting_table":11,"minecraft:cornflower":4,"minecraft:torch":2,"minecraft:poppy":4,"minecraft:chest":1,"minecraft:copper_ore":6,"minecraft:tall_grass":4,"minecraft:cobblestone":58,"minecraft:oak_planks":9,"minecraft:diorite":31,"minecraft:wall_torch":1,"minecraft:deepslate_copper_ore":5,"minecraft:birch_log":19,"minecraft:wheat":94,"minecraft:birch_trapdoor":5,"minecraft:spruce_log":5,"minecraft:tnt":25,"minecraft:grass":15,"minecraft:oak_log":6,"minecraft:coal_ore":55,"minecraft:gravel":31,"minecraft:dirt":88,"minecraft:cobweb":66,"minecraft:tripwire_hook":6,"minecraft:gold_ore":6,"minecraft:oak_leaves":3,"minecraft:deepslate":611},"minecraft:custom":{"minecraft:mob_kills":37,"minecraft:interact_with_crafting_table":47,"minecraft:bell_ring":12,"minecraft:leave_game":4,"minecraft:time_since_death":205658,"minecraft:climb_one_cm":1492,"minecraft:sprint_one_cm":342994,"minecraft:walk_one_cm":494768,"minecraft:damage_blocked_by_shield":345,"minecraft:drop":39,"minecraft:talked_to_villager":19,"minecraft:play_time":231960,"minecraft:deaths":1,"minecraft:sneak_time":2907,"minecraft:walk_under_water_one_cm":7771,"minecraft:jump":2410,"minecraft:walk_on_water_one_cm":45314,"minecraft:total_world_time":231960,"minecraft:interact_with_furnace":80,"minecraft:sleep_in_bed":12,"minecraft:time_since_rest":28447,"minecraft:damage_taken":9069,"minecraft:damage_absorbed":20,"minecraft:damage_dealt":4628,"minecraft:swim_one_cm":30943,"minecraft:fly_one_cm":441228,"minecraft:open_chest":46,"minecraft:crouch_one_cm":4858,"minecraft:fall_one_cm":46676},"minecraft:used":{"minecraft:oak_fence":3,"minecraft:stone_sword":66,"minecraft:chest":2,"minecraft:shield":5,"minecraft:cooked_chicken":1,"minecraft:iron_chestplate":1,"minecraft:torch":29,"minecraft:dirt":90,"minecraft:tuff":7,"minecraft:iron_axe":133,"minecraft:oak_stairs":1,"minecraft:iron_boots":1,"minecraft:light_gray_wool":1,"minecraft:tripwire_hook":6,"minecraft:birch_trapdoor":5,"minecraft:furnace":7,"minecraft:cobbled_deepslate":1,"minecraft:iron_leggings":1,"minecraft:pointed_dripstone":2,"minecraft:cooked_mutton":14,"minecraft:water_bucket":58,"minecraft:diorite":6,"minecraft:stone_pickaxe":141,"minecraft:wooden_pickaxe":8,"minecraft:crafting_table":13,"minecraft:white_bed":7,"minecraft:shears":4,"minecraft:lever":2,"minecraft:bread":17,"minecraft:string":17,"minecraft:iron_pickaxe":1350,"minecraft:stone_axe":3,"minecraft:cobblestone":97,"minecraft:andesite":4,"minecraft:bucket":60}},"DataVersion":3465}