{"stats":{"minecraft:crafted":{"minecraft:iron_boots":1,"minecraft:iron_chestplate":1,"minecraft:iron_axe":1,"minecraft:crafting_table":2,"minecraft:spruce_planks":20,"minecraft:stick":12,"minecraft:iron_pickaxe":1,"minecraft:iron_ingot":25,"minecraft:wooden_pickaxe":1,"minecraft:cooked_chicken":1,"minecraft:stone_pickaxe":2,"minecraft:iron_leggings":1,"minecraft:furnace":1,"minecraft:stone_axe":1,"minecraft:air":0},"minecraft:dropped":{"minecraft:crafting_table":1},"minecraft:picked_up":{"minecraft:raw_iron":47,"minecraft:crafting_table":5,"minecraft:feather":2,"minecraft:chicken":1,"minecraft:andesite":21,"minecraft:spruce_sapling":1,"minecraft:spruce_log":5,"minecraft:dirt":22,"minecraft:coal":98,"minecraft:cobblestone":150,"minecraft:furnace":2},"minecraft:broken":{"minecraft:stone_pickaxe":1},"minecraft:killed":{"minecraft:chicken":1},"minecraft:mined":{"minecraft:furnace":2,"minecraft:iron_ore":47,"minecraft:spruce_log":5,"minecraft:andesite":21,"minecraft:crafting_table":4,"minecraft:grass":2,"minecraft:grass_block":4,"minecraft:coal_ore":54,"minecraft:dirt":18,"minecraft:spruce_leaves":22,"minecraft:stone":150},"minecraft:custom":{"minecraft:time_since_rest":24077,"minecraft:interact_with_furnace":26,"minecraft:sprint_one_cm":13238,"minecraft:damage_taken":60,"minecraft:walk_one_cm":44039,"minecraft:mob_kills":1,"minecraft:drop":1,"minecraft:damage_dealt":40,"minecraft:interact_with_crafting_table":14,"minecraft:fly_one_cm":14584,"minecraft:crouch_one_cm":364,"minecraft:play_time":24077,"minecraft:sneak_time":393,"minecraft:jump":165,"minecraft:leave_game":1,"minecraft:time_since_death":24077,"minecraft:total_world_time":24077,"minecraft:fall_one_cm":2196},"minecraft:used":{"minecraft:iron_axe":1,"minecraft:stone_pickaxe":141,"minecraft:iron_pickaxe":130,"minecraft:wooden_pickaxe":8,"minecraft:iron_boots":1,"minecraft:cooked_chicken":1,"minecraft:iron_chestplate":1,"minecraft:stone_axe":3,"minecraft:dirt":9,"minecraft:cobblestone":3,"minecraft:crafting_table":4,"minecraft:furnace":2,"minecraft:iron_leggings":1}},"DataVersion":3465}