{"stats":{"minecraft:crafted":{"minecraft:red_dye":4,"minecraft:crafting_table":2,"minecraft:spruce_planks":20,"minecraft:wooden_pickaxe":1,"minecraft:cooked_chicken":1,"minecraft:iron_helmet":1,"minecraft:furnace":1,"minecraft:bucket":1,"minecraft:stone_axe":1,"minecraft:orange_dye":8,"minecraft:bread":75,"minecraft:cooked_mutton":17,"minecraft:air":0,"minecraft:iron_boots":1,"minecraft:iron_chestplate":1,"minecraft:yellow_dye":5,"minecraft:iron_axe":1,"minecraft:stick":12,"minecraft:iron_ingot":53,"minecraft:iron_pickaxe":1,"minecraft:stone_pickaxe":2,"minecraft:iron_leggings":1,"minecraft:light_gray_dye":2,"minecraft:white_bed":1,"minecraft:wheat":225},"minecraft:dropped":{"minecraft:stone_axe":1,"minecraft:wheat_seeds":91,"minecraft:crafting_table":1,"minecraft:feather":2,"dedsafio_3:alma_golem":1,"minecraft:yellow_dye":1,"minecraft:melon_seeds":5,"minecraft:jungle_log":1,"minecraft:andesite":21,"minecraft:light_gray_dye":2,"minecraft:stone_pickaxe":1,"minecraft:wooden_pickaxe":1},"minecraft:picked_up":{"minecraft:birch_log":13,"minecraft:crafting_table":11,"minecraft:iron_chestplate":1,"minecraft:azure_bluet":1,"minecraft:feather":4,"minecraft:chicken":1,"minecraft:jungle_log":1,"minecraft:andesite":42,"minecraft:leather":14,"minecraft:wooden_pickaxe":1,"minecraft:gold_block":3,"minecraft:cornflower":4,"minecraft:dirt":64,"minecraft:iron_axe":1,"minecraft:iron_leggings":1,"minecraft:wheat_seeds":91,"minecraft:spruce_planks":3,"minecraft:beef":26,"minecraft:iron_ingot":7,"minecraft:stone_pickaxe":1,"minecraft:jungle_sapling":1,"minecraft:poppy":4,"minecraft:iron_pickaxe":1,"minecraft:light_gray_wool":1,"minecraft:chest":1,"minecraft:iron_boots":1,"minecraft:furnace":6,"minecraft:raw_iron":87,"minecraft:torch":3,"minecraft:dandelion":5,"dedsafio_3:alma_golem":1,"minecraft:spruce_sapling":2,"minecraft:white_bed":5,"minecraft:spruce_log":5,"minecraft:stone_axe":1,"minecraft:hay_block":25,"minecraft:melon_seeds":5,"minecraft:mutton":19,"minecraft:coal":240,"minecraft:white_wool":11,"minecraft:cobblestone":290,"minecraft:oxeye_daisy":1},"minecraft:broken":{"minecraft:stone_pickaxe":1},"minecraft:killed":{"dedsafio_3:esquelo_dog":2,"minecraft:iron_golem":1,"minecraft:sheep":11,"minecraft:chicken":1,"minecraft:cow":14},"minecraft:mined":{"minecraft:white_bed":5,"minecraft:jungle_leaves":53,"minecraft:dandelion":5,"minecraft:cornflower":4,"minecraft:crafting_table":8,"minecraft:grass_block":20,"minecraft:poppy":4,"minecraft:chest":1,"minecraft:jungle_log":1,"minecraft:cobblestone":4,"minecraft:tall_grass":4,"minecraft:spruce_leaves":22,"minecraft:oxeye_daisy":1,"minecraft:hay_block":25,"minecraft:furnace":5,"minecraft:fire":3,"minecraft:wheat":94,"minecraft:birch_log":13,"minecraft:iron_ore":53,"minecraft:spruce_log":5,"minecraft:andesite":21,"minecraft:gold_block":3,"minecraft:azure_bluet":1,"minecraft:grass":12,"minecraft:coal_ore":55,"minecraft:dirt":34,"minecraft:stone":159,"minecraft:oak_leaves":3},"minecraft:custom":{"minecraft:interact_with_furnace":71,"minecraft:mob_kills":29,"minecraft:interact_with_crafting_table":23,"minecraft:bell_ring":12,"minecraft:leave_game":1,"minecraft:time_since_death":62822,"minecraft:sleep_in_bed":4,"minecraft:climb_one_cm":1492,"minecraft:time_since_rest":69,"minecraft:sprint_one_cm":218432,"minecraft:damage_taken":750,"minecraft:walk_one_cm":174109,"minecraft:drop":14,"minecraft:damage_dealt":3480,"minecraft:talked_to_villager":3,"minecraft:swim_one_cm":30943,"minecraft:fly_one_cm":290360,"minecraft:open_chest":8,"minecraft:crouch_one_cm":1514,"minecraft:play_time":89124,"minecraft:deaths":1,"minecraft:sneak_time":1035,"minecraft:walk_under_water_one_cm":6038,"minecraft:jump":1402,"minecraft:walk_on_water_one_cm":17655,"minecraft:total_world_time":89124,"minecraft:fall_one_cm":30527},"minecraft:used":{"minecraft:cooked_mutton":12,"minecraft:water_bucket":17,"minecraft:stone_pickaxe":141,"minecraft:wooden_pickaxe":8,"minecraft:cooked_chicken":1,"minecraft:iron_chestplate":1,"minecraft:dirt":24,"minecraft:crafting_table":8,"minecraft:white_bed":5,"minecraft:iron_axe":65,"minecraft:iron_pickaxe":156,"minecraft:iron_boots":1,"minecraft:light_gray_wool":1,"minecraft:stone_axe":3,"minecraft:cobblestone":25,"minecraft:furnace":5,"minecraft:bucket":18,"minecraft:iron_leggings":1}},"DataVersion":3465}