{"stats":{"minecraft:crafted":{"minecraft:crafting_table":1,"minecraft:spruce_planks":20,"minecraft:stick":8,"minecraft:wooden_pickaxe":1,"minecraft:cooked_chicken":1,"minecraft:stone_pickaxe":1,"minecraft:furnace":1,"minecraft:stone_axe":1},"minecraft:picked_up":{"minecraft:raw_iron":19,"minecraft:crafting_table":2,"minecraft:feather":2,"minecraft:chicken":1,"minecraft:andesite":11,"minecraft:spruce_sapling":1,"minecraft:spruce_log":5,"minecraft:dirt":15,"minecraft:coal":49,"minecraft:cobblestone":77,"minecraft:furnace":1},"minecraft:killed":{"minecraft:chicken":1},"minecraft:mined":{"minecraft:furnace":1,"minecraft:iron_ore":19,"minecraft:spruce_log":5,"minecraft:andesite":11,"minecraft:crafting_table":2,"minecraft:grass":2,"minecraft:grass_block":2,"minecraft:coal_ore":25,"minecraft:dirt":13,"minecraft:spruce_leaves":22,"minecraft:stone":77},"minecraft:custom":{"minecraft:time_since_rest":11455,"minecraft:interact_with_furnace":2,"minecraft:sprint_one_cm":4741,"minecraft:damage_taken":60,"minecraft:walk_one_cm":16702,"minecraft:mob_kills":1,"minecraft:damage_dealt":40,"minecraft:interact_with_crafting_table":5,"minecraft:fly_one_cm":6444,"minecraft:crouch_one_cm":364,"minecraft:play_time":11455,"minecraft:sneak_time":293,"minecraft:jump":45,"minecraft:time_since_death":11455,"minecraft:total_world_time":11455,"minecraft:fall_one_cm":1242},"minecraft:used":{"minecraft:stone_pickaxe":126,"minecraft:wooden_pickaxe":8,"minecraft:cooked_chicken":1,"minecraft:stone_axe":2,"minecraft:dirt":5,"minecraft:crafting_table":2,"minecraft:furnace":1}},"DataVersion":3465}