{"stats":{"minecraft:crafted":{"minecraft:crafting_table":2,"minecraft:spruce_planks":20,"minecraft:wooden_pickaxe":1,"minecraft:cooked_chicken":1,"minecraft:iron_helmet":1,"minecraft:furnace":1,"minecraft:bucket":1,"minecraft:stone_axe":1,"minecraft:cooked_mutton":2,"minecraft:air":0,"minecraft:iron_boots":1,"minecraft:iron_chestplate":1,"minecraft:iron_axe":1,"minecraft:stick":12,"minecraft:iron_ingot":53,"minecraft:iron_pickaxe":1,"minecraft:stone_pickaxe":2,"minecraft:iron_leggings":1},"minecraft:dropped":{"minecraft:stone_axe":1,"minecraft:crafting_table":1,"minecraft:feather":2,"minecraft:andesite":21,"minecraft:stone_pickaxe":1,"minecraft:wooden_pickaxe":1},"minecraft:picked_up":{"minecraft:crafting_table":9,"minecraft:iron_chestplate":1,"minecraft:feather":4,"minecraft:chicken":1,"minecraft:andesite":42,"minecraft:wooden_pickaxe":1,"minecraft:dirt":50,"minecraft:iron_axe":1,"minecraft:iron_leggings":1,"minecraft:spruce_planks":3,"minecraft:iron_ingot":5,"minecraft:stone_pickaxe":1,"minecraft:iron_pickaxe":1,"minecraft:light_gray_wool":1,"minecraft:iron_boots":1,"minecraft:furnace":5,"minecraft:raw_iron":87,"minecraft:spruce_sapling":2,"minecraft:spruce_log":5,"minecraft:stone_axe":1,"minecraft:mutton":19,"minecraft:coal":240,"minecraft:white_wool":11,"minecraft:cobblestone":286},"minecraft:broken":{"minecraft:stone_pickaxe":1},"minecraft:killed":{"dedsafio_3:esquelo_dog":2,"minecraft:sheep":11,"minecraft:chicken":1},"minecraft:mined":{"minecraft:crafting_table":6,"minecraft:grass_block":9,"minecraft:spruce_leaves":22,"minecraft:furnace":4,"minecraft:iron_ore":53,"minecraft:spruce_log":5,"minecraft:andesite":21,"minecraft:grass":2,"minecraft:coal_ore":55,"minecraft:dirt":28,"minecraft:stone":156},"minecraft:custom":{"minecraft:interact_with_furnace":70,"minecraft:mob_kills":14,"minecraft:interact_with_crafting_table":21,"minecraft:leave_game":1,"minecraft:time_since_death":20822,"minecraft:time_since_rest":20829,"minecraft:sprint_one_cm":38933,"minecraft:damage_taken":450,"minecraft:walk_one_cm":83300,"minecraft:drop":6,"minecraft:damage_dealt":1080,"minecraft:swim_one_cm":3657,"minecraft:fly_one_cm":45026,"minecraft:crouch_one_cm":795,"minecraft:play_time":47124,"minecraft:deaths":1,"minecraft:sneak_time":792,"minecraft:walk_under_water_one_cm":1358,"minecraft:jump":343,"minecraft:walk_on_water_one_cm":3218,"minecraft:total_world_time":47124,"minecraft:fall_one_cm":8531},"minecraft:used":{"minecraft:cooked_mutton":2,"minecraft:stone_pickaxe":141,"minecraft:wooden_pickaxe":8,"minecraft:cooked_chicken":1,"minecraft:iron_chestplate":1,"minecraft:dirt":19,"minecraft:crafting_table":6,"minecraft:iron_axe":19,"minecraft:iron_pickaxe":145,"minecraft:iron_boots":1,"minecraft:stone_axe":3,"minecraft:cobblestone":11,"minecraft:furnace":5,"minecraft:bucket":1,"minecraft:iron_leggings":1}},"DataVersion":3465}