{"stats":{"minecraft:crafted":{"minecraft:cobbled_deepslate_slab":510,"minecraft:oak_planks":84,"minecraft:oak_sign":3,"minecraft:cobblestone_slab":12,"minecraft:tripwire_hook":2,"minecraft:cooked_chicken":1,"minecraft:furnace":2,"minecraft:bone_meal":771,"minecraft:lever":1,"minecraft:cooked_mutton":17,"minecraft:hopper":3,"minecraft:diamond_helmet":4,"minecraft:iron_boots":1,"minecraft:diamond_leggings":4,"minecraft:iron_axe":1,"minecraft:stone_pickaxe":2,"minecraft:chest":20,"minecraft:diamond_boots":3,"minecraft:wheat":225,"minecraft:red_dye":4,"minecraft:diamond_sword":2,"minecraft:diamond_axe":1,"minecraft:crafting_table":5,"minecraft:spruce_planks":20,"minecraft:wooden_pickaxe":1,"minecraft:iron_helmet":1,"minecraft:bucket":2,"minecraft:birch_planks":76,"minecraft:stone_axe":1,"minecraft:orange_dye":8,"minecraft:bread":75,"minecraft:air":0,"minecraft:iron_chestplate":1,"minecraft:white_wool":20,"minecraft:diamond_pickaxe":1,"minecraft:yellow_dye":5,"minecraft:shield":1,"minecraft:stick":44,"minecraft:iron_ingot":104,"minecraft:iron_pickaxe":6,"minecraft:birch_trapdoor":2,"minecraft:stone_sword":1,"minecraft:iron_leggings":1,"minecraft:light_gray_dye":2,"minecraft:white_bed":7,"minecraft:torch":48,"minecraft:shears":1,"minecraft:diamond_chestplate":3},"minecraft:dropped":{"minecraft:wheat_seeds":203,"minecraft:diamond":82,"minecraft:crafting_table":1,"minecraft:diamond_leggings":1,"minecraft:feather":2,"minecraft:oak_fence":8,"minecraft:rail":5,"minecraft:flint":3,"minecraft:stick":1,"minecraft:dirt":2,"dedsafio_3:alma_golem":1,"minecraft:ice":3,"minecraft:yellow_dye":1,"minecraft:diamond_helmet":1,"minecraft:iron_pickaxe":2,"minecraft:iron_shovel":1,"minecraft:bone":64,"minecraft:stone_axe":1,"minecraft:pointed_dripstone":12,"minecraft:beetroot":16,"minecraft:oak_planks":1,"dedsafio_3:deditas":16,"minecraft:diamond_sword":1,"minecraft:potato":906,"minecraft:shield":2,"minecraft:diamond_chestplate":1,"minecraft:spruce_trapdoor":6,"minecraft:jungle_log":1,"minecraft:andesite":21,"minecraft:beetroot_seeds":23,"minecraft:melon_seeds":5,"minecraft:spider_eye":1,"minecraft:spruce_log":144,"minecraft:light_gray_dye":2,"minecraft:diamond_boots":2,"minecraft:stone_pickaxe":1,"minecraft:wooden_pickaxe":1,"minecraft:lectern":1},"minecraft:picked_up":{"minecraft:iron_chestplate":5,"minecraft:crafting_table":20,"minecraft:wheat":54,"minecraft:azure_bluet":1,"minecraft:chicken":1,"minecraft:ladder":130,"minecraft:packed_ice":3,"minecraft:diamond_sword":5,"minecraft:wooden_pickaxe":1,"minecraft:oak_stairs":1,"minecraft:gold_block":3,"minecraft:shield":9,"minecraft:cornflower":7,"minecraft:string":186,"minecraft:raw_copper":460,"minecraft:iron_axe":7,"minecraft:iron_leggings":4,"minecraft:iron_shovel":1,"minecraft:oak_sign":3,"minecraft:beetroot":40,"minecraft:diamond_leggings":12,"minecraft:cobbled_deepslate":789,"minecraft:spruce_planks":747,"minecraft:beef":26,"minecraft:cobblestone_slab":17,"minecraft:jungle_sapling":1,"minecraft:poppy":4,"minecraft:iron_pickaxe":13,"minecraft:light_gray_wool":1,"minecraft:lectern":1,"minecraft:chest":12,"minecraft:smooth_quartz_stairs":64,"minecraft:spruce_trapdoor":6,"minecraft:iron_boots":5,"minecraft:furnace":10,"minecraft:raw_iron":124,"minecraft:stick":46,"minecraft:spruce_stairs":128,"minecraft:spruce_fence":64,"minecraft:birch_trapdoor":5,"minecraft:oak_fence":64,"minecraft:torch":184,"dedsafio_3:alma_golem":1,"minecraft:pointed_dripstone":15,"minecraft:diorite":31,"minecraft:carrot":269,"minecraft:tnt":64,"minecraft:arrow":22,"minecraft:diamond_chestplate":8,"minecraft:beetroot_seeds":115,"minecraft:diamond_boots":9,"minecraft:hay_block":25,"minecraft:mutton":19,"minecraft:rail":33,"minecraft:white_wool":13,"minecraft:cobblestone":1278,"minecraft:oxeye_daisy":1,"minecraft:stripped_oak_log":1,"minecraft:birch_log":19,"minecraft:feather":4,"minecraft:golden_carrot":35,"minecraft:andesite":61,"minecraft:tripwire_hook":6,"minecraft:water_bucket":14,"minecraft:jungle_log":1,"minecraft:leather":14,"minecraft:potato":1448,"minecraft:birch_planks":6,"minecraft:ice":3,"minecraft:flint":3,"minecraft:tuff":31,"minecraft:oak_log":21,"dedsafio_3:deditas":16,"minecraft:lapis_lazuli":160,"minecraft:dirt":162,"minecraft:name_tag":5,"minecraft:glass":128,"minecraft:bone":2,"minecraft:wheat_seeds":206,"minecraft:raw_gold":6,"minecraft:iron_ingot":167,"minecraft:stone_pickaxe":4,"modminds:nutritotem":5,"minecraft:diamond_helmet":10,"minecraft:oak_planks":156,"minecraft:lava_bucket":2,"minecraft:dandelion":6,"minecraft:poisonous_potato":28,"minecraft:dripstone_block":2,"minecraft:gravel":36,"minecraft:grass_block":1472,"minecraft:spruce_sapling":27,"minecraft:white_bed":8,"minecraft:spruce_log":201,"minecraft:spider_eye":24,"minecraft:spruce_fence_gate":512,"minecraft:campfire":64,"minecraft:diamond":171,"minecraft:stone_axe":2,"minecraft:lever":2,"dedsafio_3:dedita_gold":1,"minecraft:iron_helmet":4,"minecraft:granite":9,"minecraft:diamond_axe":7,"minecraft:bone_meal":817,"minecraft:emerald":61,"minecraft:bread":291,"minecraft:melon_seeds":5,"minecraft:coal":332,"minecraft:hopper":20,"minecraft:diamond_pickaxe":5},"minecraft:broken":{"minecraft:stone_sword":1,"minecraft:stone_pickaxe":1,"minecraft:iron_pickaxe":5},"minecraft:killed_by":{"minecraft:player":3,"dedsafio_3:rana_gigante":2,"minecraft:cave_spider":3},"minecraft:killed":{"minecraft:cave_spider":7,"dedsafio_3:esquelo_dog":2,"minecraft:spider":36,"dedsafio_3:rana_gigante":1,"minecraft:skeleton":3,"minecraft:chicken":1,"dedsafio_3:fantasma_rojo":2,"minecraft:cat":2,"minecraft:iron_golem":5,"minecraft:sheep":11,"minecraft:zombie":1,"dedsafio_3:creeper_cake":2,"minecraft:cow":14},"minecraft:mined":{"minecraft:tuff":31,"minecraft:white_bed":8,"minecraft:deepslate_diamond_ore":75,"minecraft:jungle_leaves":53,"minecraft:spruce_trapdoor":6,"minecraft:glow_lichen":1,"minecraft:granite":4,"minecraft:lever":1,"minecraft:grass_block":27,"minecraft:jungle_log":1,"minecraft:spruce_leaves":31,"minecraft:hopper":7,"minecraft:oak_wall_sign":1,"minecraft:oxeye_daisy":1,"minecraft:spawner":1,"minecraft:hay_block":25,"minecraft:spruce_sapling":1,"minecraft:carrots":15,"minecraft:furnace":6,"minecraft:iron_ore":90,"minecraft:fire":3,"minecraft:cobbled_deepslate":6,"minecraft:andesite":42,"minecraft:deepslate_lapis_ore":5,"minecraft:gold_block":3,"minecraft:azure_bluet":1,"minecraft:potatoes":224,"minecraft:pointed_dripstone":4,"minecraft:cobblestone_slab":4,"minecraft:oak_stairs":1,"minecraft:stripped_oak_log":1,"minecraft:packed_ice":6,"minecraft:stone":455,"minecraft:tripwire":10,"minecraft:dandelion":5,"minecraft:oak_fence":21,"minecraft:cornflower":4,"minecraft:crafting_table":12,"minecraft:torch":2,"minecraft:poppy":4,"minecraft:chest":10,"minecraft:copper_ore":6,"minecraft:tall_grass":5,"minecraft:cobblestone":59,"minecraft:oak_planks":45,"minecraft:diorite":31,"minecraft:wall_torch":3,"minecraft:deepslate_copper_ore":5,"minecraft:seagrass":1,"minecraft:birch_log":19,"minecraft:wheat":112,"minecraft:birch_trapdoor":5,"minecraft:spruce_log":155,"minecraft:tnt":25,"minecraft:grass":16,"minecraft:beetroots":8,"minecraft:coal_ore":55,"minecraft:oak_log":21,"minecraft:gravel":31,"minecraft:dirt":99,"minecraft:dripstone_block":2,"minecraft:cobweb":66,"minecraft:tripwire_hook":6,"minecraft:gold_ore":6,"minecraft:oak_leaves":3,"minecraft:deepslate":642},"minecraft:custom":{"minecraft:mob_kills":87,"minecraft:inspect_hopper":2,"minecraft:interact_with_crafting_table":62,"minecraft:bell_ring":12,"minecraft:leave_game":5,"minecraft:time_since_death":50524,"minecraft:climb_one_cm":13345,"minecraft:sprint_one_cm":594510,"minecraft:walk_one_cm":892945,"minecraft:damage_blocked_by_shield":345,"minecraft:drop":83,"minecraft:damage_dealt_absorbed":320,"minecraft:talked_to_villager":61,"minecraft:play_time":387373,"minecraft:deaths":10,"minecraft:sneak_time":6476,"minecraft:walk_under_water_one_cm":8067,"minecraft:jump":5002,"minecraft:walk_on_water_one_cm":60352,"minecraft:total_world_time":387373,"minecraft:interact_with_furnace":81,"minecraft:sleep_in_bed":21,"minecraft:time_since_rest":15354,"minecraft:damage_absorbed":100,"minecraft:damage_taken":14602,"minecraft:damage_dealt":16269,"minecraft:player_kills":3,"minecraft:swim_one_cm":30943,"minecraft:fly_one_cm":778978,"minecraft:open_chest":160,"minecraft:crouch_one_cm":12820,"minecraft:fall_one_cm":95572},"minecraft:used":{"minecraft:oak_fence":3,"minecraft:stone_sword":66,"minecraft:ladder":2,"minecraft:oak_sign":3,"minecraft:chest":27,"minecraft:shield":9,"minecraft:cooked_chicken":1,"minecraft:iron_chestplate":1,"minecraft:torch":36,"minecraft:dirt":107,"minecraft:hopper":10,"minecraft:diamond_helmet":1,"minecraft:tuff":7,"minecraft:granite":3,"minecraft:packed_ice":3,"minecraft:grass_block":48,"minecraft:iron_axe":153,"minecraft:oak_stairs":1,"minecraft:iron_boots":1,"minecraft:diamond_chestplate":2,"minecraft:light_gray_wool":1,"minecraft:tripwire_hook":6,"minecraft:birch_trapdoor":5,"minecraft:golden_carrot":7,"minecraft:furnace":7,"minecraft:potato":303,"minecraft:cobbled_deepslate":16,"minecraft:pointed_dripstone":3,"minecraft:iron_leggings":1,"minecraft:cooked_mutton":14,"minecraft:water_bucket":61,"minecraft:diamond_boots":1,"minecraft:diorite":6,"minecraft:stone_pickaxe":141,"minecraft:oak_planks":2,"minecraft:wooden_pickaxe":8,"minecraft:diamond_axe":294,"minecraft:cobblestone_slab":14,"minecraft:crafting_table":15,"minecraft:white_bed":15,"minecraft:dripstone_block":1,"minecraft:shears":4,"minecraft:lever":2,"minecraft:diamond_pickaxe":3,"minecraft:iron_pickaxe":1624,"minecraft:string":18,"minecraft:bread":65,"minecraft:spruce_trapdoor":3,"minecraft:gravel":1,"minecraft:spruce_sapling":18,"minecraft:stone_axe":3,"minecraft:diamond_sword":85,"minecraft:cobbled_deepslate_slab":6,"minecraft:cobblestone":116,"minecraft:andesite":19,"minecraft:bucket":63,"minecraft:diamond_leggings":2,"minecraft:bone_meal":586}},"DataVersion":3465}