{"stats":{"minecraft:crafted":{"minecraft:oak_planks":20,"minecraft:cobblestone_slab":6,"minecraft:oak_sign":3,"minecraft:tripwire_hook":2,"minecraft:cooked_chicken":1,"minecraft:furnace":2,"minecraft:lever":1,"minecraft:cooked_mutton":17,"minecraft:hopper":3,"minecraft:diamond_helmet":2,"minecraft:diamond_leggings":3,"minecraft:iron_boots":1,"minecraft:iron_axe":1,"minecraft:stone_pickaxe":2,"minecraft:chest":7,"minecraft:diamond_boots":2,"minecraft:wheat":225,"minecraft:red_dye":4,"minecraft:diamond_axe":1,"minecraft:crafting_table":5,"minecraft:spruce_planks":20,"minecraft:iron_helmet":1,"minecraft:wooden_pickaxe":1,"minecraft:bucket":2,"minecraft:birch_planks":76,"minecraft:stone_axe":1,"minecraft:orange_dye":8,"minecraft:bread":75,"minecraft:air":0,"minecraft:diamond_pickaxe":1,"minecraft:iron_chestplate":1,"minecraft:yellow_dye":5,"minecraft:shield":1,"minecraft:stick":44,"minecraft:iron_ingot":104,"minecraft:iron_pickaxe":6,"minecraft:birch_trapdoor":2,"minecraft:stone_sword":1,"minecraft:iron_leggings":1,"minecraft:light_gray_dye":2,"minecraft:white_bed":1,"minecraft:torch":48,"minecraft:shears":1,"minecraft:diamond_chestplate":2},"minecraft:dropped":{"minecraft:wheat_seeds":93,"minecraft:diamond":82,"minecraft:crafting_table":1,"minecraft:diamond_leggings":1,"minecraft:oak_fence":8,"minecraft:feather":2,"minecraft:rail":3,"minecraft:stick":1,"minecraft:flint":3,"minecraft:dirt":2,"dedsafio_3:alma_golem":1,"minecraft:ice":3,"minecraft:yellow_dye":1,"minecraft:diamond_helmet":1,"minecraft:iron_pickaxe":1,"minecraft:iron_shovel":1,"minecraft:stone_axe":1,"minecraft:pointed_dripstone":6,"minecraft:oak_planks":1,"dedsafio_3:deditas":16,"minecraft:shield":1,"minecraft:diamond_chestplate":1,"minecraft:andesite":21,"minecraft:jungle_log":1,"minecraft:melon_seeds":5,"minecraft:spider_eye":1,"minecraft:light_gray_dye":2,"minecraft:diamond_boots":1,"minecraft:wooden_pickaxe":1,"minecraft:stone_pickaxe":1},"minecraft:picked_up":{"minecraft:crafting_table":14,"minecraft:iron_chestplate":3,"minecraft:azure_bluet":1,"minecraft:chicken":1,"minecraft:packed_ice":3,"minecraft:wooden_pickaxe":1,"minecraft:oak_stairs":1,"minecraft:gold_block":3,"minecraft:shield":3,"minecraft:raw_copper":262,"minecraft:cornflower":7,"minecraft:string":135,"minecraft:iron_axe":3,"minecraft:iron_leggings":2,"minecraft:iron_shovel":1,"minecraft:diamond_leggings":4,"minecraft:cobbled_deepslate":668,"minecraft:spruce_planks":3,"minecraft:beef":26,"minecraft:cobblestone_slab":6,"minecraft:jungle_sapling":1,"minecraft:poppy":4,"minecraft:iron_pickaxe":3,"minecraft:light_gray_wool":1,"minecraft:chest":1,"minecraft:furnace":8,"minecraft:iron_boots":3,"minecraft:stick":5,"minecraft:raw_iron":124,"minecraft:oak_fence":38,"minecraft:birch_trapdoor":5,"minecraft:torch":64,"dedsafio_3:alma_golem":1,"minecraft:pointed_dripstone":8,"minecraft:diorite":31,"minecraft:carrot":4,"minecraft:tnt":48,"minecraft:arrow":6,"minecraft:diamond_chestplate":1,"minecraft:diamond_boots":1,"minecraft:hay_block":25,"minecraft:mutton":19,"minecraft:cobblestone":1037,"minecraft:rail":13,"minecraft:white_wool":11,"minecraft:oxeye_daisy":1,"minecraft:birch_log":19,"minecraft:feather":4,"minecraft:water_bucket":2,"minecraft:tripwire_hook":6,"minecraft:andesite":61,"minecraft:jungle_log":1,"minecraft:leather":14,"minecraft:potato":1,"minecraft:birch_planks":6,"minecraft:ice":3,"minecraft:flint":3,"minecraft:tuff":31,"minecraft:oak_log":6,"dedsafio_3:deditas":16,"minecraft:lapis_lazuli":96,"minecraft:dirt":151,"minecraft:wheat_seeds":96,"minecraft:raw_gold":6,"minecraft:stone_pickaxe":1,"minecraft:iron_ingot":87,"modminds:nutritotem":4,"minecraft:diamond_helmet":2,"minecraft:oak_planks":19,"minecraft:dandelion":6,"minecraft:gravel":36,"minecraft:spruce_sapling":2,"minecraft:white_bed":6,"minecraft:spruce_log":5,"minecraft:spider_eye":6,"minecraft:diamond":151,"minecraft:lever":2,"minecraft:stone_axe":1,"dedsafio_3:dedita_gold":1,"minecraft:iron_helmet":2,"minecraft:granite":6,"minecraft:bread":126,"minecraft:melon_seeds":5,"minecraft:coal":286},"minecraft:broken":{"minecraft:stone_sword":1,"minecraft:stone_pickaxe":1,"minecraft:iron_pickaxe":5},"minecraft:killed_by":{"minecraft:cave_spider":2},"minecraft:killed":{"minecraft:cave_spider":4,"dedsafio_3:esquelo_dog":2,"minecraft:skeleton":1,"minecraft:chicken":1,"dedsafio_3:fantasma_rojo":2,"minecraft:cat":2,"minecraft:iron_golem":1,"minecraft:sheep":11,"minecraft:zombie":1,"minecraft:cow":14},"minecraft:mined":{"minecraft:tuff":31,"minecraft:white_bed":6,"minecraft:deepslate_diamond_ore":75,"minecraft:jungle_leaves":53,"minecraft:granite":4,"minecraft:glow_lichen":1,"minecraft:lever":1,"minecraft:grass_block":26,"minecraft:jungle_log":1,"minecraft:spruce_leaves":22,"minecraft:oxeye_daisy":1,"minecraft:hay_block":25,"minecraft:furnace":6,"minecraft:carrots":1,"minecraft:iron_ore":90,"minecraft:fire":3,"minecraft:andesite":42,"minecraft:deepslate_lapis_ore":5,"minecraft:azure_bluet":1,"minecraft:gold_block":3,"minecraft:pointed_dripstone":3,"minecraft:potatoes":1,"minecraft:oak_stairs":1,"minecraft:stone":447,"minecraft:tripwire":9,"minecraft:dandelion":5,"minecraft:oak_fence":17,"minecraft:crafting_table":11,"minecraft:cornflower":4,"minecraft:torch":2,"minecraft:poppy":4,"minecraft:chest":1,"minecraft:copper_ore":6,"minecraft:tall_grass":4,"minecraft:cobblestone":58,"minecraft:oak_planks":15,"minecraft:diorite":31,"minecraft:wall_torch":3,"minecraft:deepslate_copper_ore":5,"minecraft:birch_log":19,"minecraft:wheat":94,"minecraft:birch_trapdoor":5,"minecraft:spruce_log":5,"minecraft:tnt":25,"minecraft:grass":15,"minecraft:oak_log":6,"minecraft:coal_ore":55,"minecraft:gravel":31,"minecraft:dirt":94,"minecraft:cobweb":66,"minecraft:tripwire_hook":6,"minecraft:gold_ore":6,"minecraft:oak_leaves":3,"minecraft:deepslate":628},"minecraft:custom":{"minecraft:mob_kills":39,"minecraft:interact_with_crafting_table":50,"minecraft:bell_ring":12,"minecraft:leave_game":4,"minecraft:time_since_death":1161,"minecraft:climb_one_cm":1492,"minecraft:sprint_one_cm":354908,"minecraft:walk_one_cm":526474,"minecraft:damage_blocked_by_shield":345,"minecraft:drop":42,"minecraft:talked_to_villager":19,"minecraft:play_time":243960,"minecraft:deaths":3,"minecraft:sneak_time":3479,"minecraft:walk_under_water_one_cm":7771,"minecraft:jump":2463,"minecraft:walk_on_water_one_cm":45732,"minecraft:total_world_time":243960,"minecraft:interact_with_furnace":81,"minecraft:sleep_in_bed":12,"minecraft:time_since_rest":1166,"minecraft:damage_taken":9629,"minecraft:damage_absorbed":20,"minecraft:damage_dealt":4778,"minecraft:swim_one_cm":30943,"minecraft:fly_one_cm":450682,"minecraft:open_chest":46,"minecraft:crouch_one_cm":5435,"minecraft:fall_one_cm":47280},"minecraft:used":{"minecraft:oak_fence":3,"minecraft:stone_sword":66,"minecraft:oak_sign":3,"minecraft:chest":5,"minecraft:shield":8,"minecraft:cooked_chicken":1,"minecraft:iron_chestplate":1,"minecraft:torch":31,"minecraft:dirt":104,"minecraft:hopper":3,"minecraft:tuff":7,"minecraft:packed_ice":3,"minecraft:iron_axe":142,"minecraft:oak_stairs":1,"minecraft:iron_boots":1,"minecraft:light_gray_wool":1,"minecraft:tripwire_hook":6,"minecraft:birch_trapdoor":5,"minecraft:furnace":7,"minecraft:cobbled_deepslate":1,"minecraft:iron_leggings":1,"minecraft:pointed_dripstone":2,"minecraft:cooked_mutton":14,"minecraft:water_bucket":58,"minecraft:diorite":6,"minecraft:stone_pickaxe":141,"minecraft:oak_planks":2,"minecraft:wooden_pickaxe":8,"minecraft:cobblestone_slab":3,"minecraft:crafting_table":14,"minecraft:white_bed":7,"minecraft:shears":4,"minecraft:lever":2,"minecraft:bread":17,"minecraft:string":17,"minecraft:iron_pickaxe":1375,"minecraft:stone_axe":3,"minecraft:cobblestone":112,"minecraft:andesite":19,"minecraft:bucket":60}},"DataVersion":3465}