{"stats":{"minecraft:crafted":{"minecraft:oak_planks":84,"minecraft:cobblestone_slab":12,"minecraft:oak_sign":3,"minecraft:cooked_chicken":1,"minecraft:lever":1,"minecraft:cooked_mutton":17,"minecraft:hopper":3,"minecraft:diamond_leggings":4,"minecraft:diamond_helmet":4,"minecraft:iron_boots":1,"minecraft:chest":20,"minecraft:diamond_axe":1,"minecraft:crafting_table":6,"minecraft:spruce_planks":20,"minecraft:wooden_pickaxe":1,"minecraft:iron_helmet":1,"minecraft:birch_planks":76,"minecraft:iron_chestplate":1,"minecraft:diamond_pickaxe":1,"minecraft:yellow_dye":5,"minecraft:shield":1,"minecraft:stick":44,"minecraft:iron_ingot":104,"minecraft:iron_pickaxe":6,"minecraft:stone_sword":1,"minecraft:light_gray_dye":2,"minecraft:shears":1,"minecraft:cobbled_deepslate_slab":510,"minecraft:tripwire_hook":2,"minecraft:furnace":2,"minecraft:bone_meal":771,"minecraft:iron_axe":1,"minecraft:stone_pickaxe":2,"minecraft:diamond_boots":3,"minecraft:cobbled_deepslate_stairs":80,"minecraft:wheat":225,"minecraft:cooked_beef":8,"minecraft:red_dye":4,"minecraft:diamond_sword":2,"minecraft:bucket":2,"minecraft:stone_axe":1,"minecraft:orange_dye":8,"minecraft:bread":75,"minecraft:air":0,"minecraft:white_wool":20,"minecraft:birch_trapdoor":2,"minecraft:iron_leggings":1,"minecraft:white_bed":7,"minecraft:torch":48,"minecraft:diamond_chestplate":3},"minecraft:dropped":{"minecraft:baked_potato":1,"minecraft:diamond":82,"minecraft:crafting_table":1,"minecraft:rail":5,"minecraft:flint":3,"minecraft:dirt":162,"dedsafio_3:alma_golem":1,"minecraft:ice":3,"minecraft:yellow_dye":1,"minecraft:cornflower":2,"minecraft:iron_pickaxe":2,"minecraft:bone":64,"minecraft:stone_axe":1,"minecraft:pointed_dripstone":12,"minecraft:beetroot":16,"minecraft:oak_planks":3,"minecraft:diamond_shovel":1,"minecraft:gunpowder":2,"minecraft:beetroot_seeds":23,"minecraft:melon_seeds":5,"minecraft:jungle_log":1,"minecraft:lectern":1,"minecraft:bread":8,"minecraft:wheat_seeds":214,"minecraft:diamond_leggings":1,"minecraft:cobblestone":122,"minecraft:oak_fence":8,"minecraft:feather":2,"minecraft:stick":1,"minecraft:diamond_helmet":1,"minecraft:iron_shovel":1,"minecraft:bucket":2,"minecraft:dandelion":8,"dedsafio_3:deditas":16,"minecraft:diamond_sword":1,"minecraft:potato":906,"minecraft:shield":2,"minecraft:diamond_chestplate":1,"minecraft:spruce_trapdoor":6,"minecraft:spruce_planks":36,"minecraft:diamond_pickaxe":1,"minecraft:andesite":21,"minecraft:spider_eye":1,"minecraft:light_gray_dye":2,"minecraft:diamond_boots":2,"minecraft:spruce_log":144,"minecraft:stone_pickaxe":1,"minecraft:wooden_pickaxe":1},"minecraft:picked_up":{"minecraft:iron_chestplate":5,"minecraft:wheat":54,"minecraft:diamond_sword":11,"minecraft:oak_stairs":1,"minecraft:potion":3,"minecraft:string":186,"minecraft:raw_copper":460,"minecraft:iron_leggings":4,"minecraft:oak_sign":19,"minecraft:beetroot":40,"minecraft:diamond_leggings":18,"minecraft:cobbled_deepslate":799,"minecraft:spruce_planks":783,"minecraft:cobblestone_slab":17,"minecraft:iron_pickaxe":13,"minecraft:smooth_quartz_stairs":64,"minecraft:furnace":10,"minecraft:iron_boots":5,"minecraft:stick":46,"dedsafio_3:casino_d_3":2,"minecraft:birch_trapdoor":5,"dedsafio_3:alma_golem":1,"minecraft:oak_fence":64,"minecraft:torch":184,"minecraft:spruce_stairs":128,"minecraft:porkchop":1,"minecraft:pointed_dripstone":15,"minecraft:diorite":31,"minecraft:rotten_flesh":1,"minecraft:cobblestone":1346,"minecraft:birch_log":19,"minecraft:feather":4,"minecraft:cooked_beef":16,"minecraft:andesite":61,"minecraft:water_bucket":20,"minecraft:jungle_log":1,"minecraft:potato":1448,"minecraft:flint":3,"minecraft:tuff":31,"dedsafio_3:deditas":16,"minecraft:lapis_lazuli":160,"minecraft:dirt":728,"minecraft:name_tag":5,"minecraft:glass":128,"minecraft:bone":2,"minecraft:bow":2,"minecraft:wheat_seeds":221,"minecraft:raw_gold":6,"minecraft:cobbled_deepslate_slab":77,"modminds:nutritotem":16,"minecraft:diamond_helmet":16,"minecraft:oak_planks":198,"modminds:totem_revil":4,"minecraft:poisonous_potato":28,"minecraft:grass_block":1815,"minecraft:spruce_fence_gate":514,"minecraft:diamond":171,"minecraft:lever":2,"minecraft:granite":9,"minecraft:bone_meal":817,"minecraft:bread":303,"minecraft:emerald":61,"minecraft:netherrack":41,"minecraft:diamond_pickaxe":12,"minecraft:crafting_table":20,"minecraft:azure_bluet":1,"minecraft:chicken":1,"minecraft:ladder":130,"minecraft:packed_ice":3,"minecraft:wooden_pickaxe":1,"minecraft:gold_block":3,"minecraft:shield":9,"minecraft:cornflower":9,"minecraft:iron_axe":7,"minecraft:flint_and_steel":1,"minecraft:iron_shovel":1,"minecraft:beef":26,"minecraft:jungle_sapling":1,"minecraft:poppy":4,"minecraft:light_gray_wool":1,"minecraft:lectern":1,"minecraft:chest":25,"minecraft:spruce_trapdoor":6,"minecraft:raw_iron":124,"minecraft:spruce_fence":64,"minecraft:carrot":269,"minecraft:tnt":64,"minecraft:arrow":24,"minecraft:diamond_chestplate":14,"minecraft:beetroot_seeds":115,"minecraft:diamond_boots":15,"minecraft:hay_block":25,"dedsafio_3:batidora_legendaria":3,"minecraft:mutton":22,"minecraft:white_wool":13,"minecraft:rail":33,"minecraft:oxeye_daisy":1,"minecraft:stripped_oak_log":1,"minecraft:golden_carrot":40,"minecraft:tripwire_hook":6,"minecraft:leather":14,"minecraft:birch_planks":6,"minecraft:ice":3,"minecraft:oak_log":21,"minecraft:cobbled_deepslate_stairs":2,"minecraft:gunpowder":2,"modminds:bloqueador":143,"minecraft:iron_ingot":167,"minecraft:stone_pickaxe":4,"minecraft:dandelion":14,"minecraft:dripstone_block":2,"minecraft:lava_bucket":2,"minecraft:gravel":36,"minecraft:spruce_sapling":27,"minecraft:white_bed":24,"minecraft:spruce_log":201,"minecraft:spider_eye":24,"minecraft:diamond_shovel":6,"minecraft:campfire":64,"minecraft:stone_axe":2,"dedsafio_3:dedita_gold":110,"minecraft:iron_helmet":4,"minecraft:diamond_axe":13,"minecraft:baked_potato":294,"minecraft:melon_seeds":5,"minecraft:coal":483,"minecraft:hopper":20},"minecraft:broken":{"minecraft:stone_pickaxe":1,"minecraft:stone_sword":1,"minecraft:iron_pickaxe":5},"minecraft:killed_by":{"dedsafio_3:rana_gigante":4,"minecraft:cave_spider":3,"minecraft:player":4,"dedsafio_3:bone_spider":1},"minecraft:killed":{"minecraft:cave_spider":7,"minecraft:spider":36,"dedsafio_3:rana_gigante":1,"minecraft:skeleton":4,"minecraft:chicken":1,"dedsafio_3:fantasma_rojo":2,"minecraft:cat":2,"minecraft:iron_golem":5,"dedsafio_3:flashbang":1,"minecraft:sheep":11,"minecraft:zombie":2,"minecraft:cow":14,"dedsafio_3:esquelo_dog":2,"dedsafio_3:creeper_cake":3},"minecraft:mined":{"dedsafio_3:batidora_legendaria":2,"minecraft:white_bed":11,"minecraft:cobbled_deepslate_stairs":2,"minecraft:jungle_leaves":54,"minecraft:spruce_trapdoor":6,"minecraft:granite":72,"minecraft:grass_block":792,"minecraft:jungle_log":1,"minecraft:hopper":9,"minecraft:oak_wall_sign":1,"minecraft:oxeye_daisy":1,"minecraft:spawner":1,"minecraft:iron_ore":90,"minecraft:cobbled_deepslate":16,"minecraft:fire":3,"minecraft:deepslate_lapis_ore":5,"minecraft:azure_bluet":1,"minecraft:pointed_dripstone":4,"minecraft:oak_stairs":1,"minecraft:tripwire":10,"minecraft:torch":2,"minecraft:poppy":4,"minecraft:chest":10,"minecraft:cobblestone":61,"minecraft:oak_planks":50,"minecraft:wall_torch":3,"minecraft:deepslate_copper_ore":5,"minecraft:seagrass":1,"minecraft:birch_log":19,"minecraft:wheat":112,"minecraft:birch_trapdoor":5,"minecraft:tnt":25,"minecraft:grass":38,"minecraft:oak_log":21,"minecraft:beetroots":8,"minecraft:dirt":400,"minecraft:tripwire_hook":6,"minecraft:netherrack":39,"minecraft:oak_leaves":3,"minecraft:deepslate":642,"minecraft:tuff":31,"minecraft:deepslate_diamond_ore":75,"dedsafio_3:casino_d_3":2,"minecraft:glow_lichen":1,"minecraft:lever":1,"minecraft:cobbled_deepslate_slab":13,"minecraft:spruce_leaves":31,"minecraft:hay_block":25,"minecraft:spruce_sapling":1,"minecraft:furnace":6,"minecraft:carrots":15,"minecraft:andesite":42,"minecraft:gold_block":3,"minecraft:potatoes":224,"minecraft:cobblestone_slab":4,"minecraft:stripped_oak_log":1,"minecraft:packed_ice":6,"minecraft:stone":643,"minecraft:dandelion":6,"minecraft:oak_fence":21,"minecraft:crafting_table":12,"minecraft:cornflower":5,"minecraft:tall_grass":11,"minecraft:copper_ore":6,"minecraft:diorite":34,"minecraft:spruce_log":155,"minecraft:coal_ore":55,"minecraft:gravel":31,"minecraft:dripstone_block":2,"minecraft:cobweb":66,"minecraft:spruce_fence_gate":2,"minecraft:gold_ore":6},"minecraft:custom":{"minecraft:interact_with_crafting_table":63,"minecraft:bell_ring":12,"minecraft:leave_game":7,"minecraft:time_since_death":18892,"minecraft:sprint_one_cm":813766,"minecraft:damage_blocked_by_shield":345,"minecraft:drop":116,"minecraft:talked_to_villager":63,"minecraft:play_time":523866,"minecraft:deaths":16,"minecraft:jump":6912,"minecraft:walk_on_water_one_cm":83333,"minecraft:interact_with_furnace":81,"minecraft:sleep_in_bed":36,"minecraft:damage_dealt":17298,"minecraft:player_kills":3,"minecraft:crouch_one_cm":21292,"minecraft:interact_with_smoker":1,"minecraft:mob_kills":91,"minecraft:inspect_hopper":2,"minecraft:climb_one_cm":19514,"minecraft:walk_one_cm":1191883,"minecraft:damage_dealt_absorbed":459,"minecraft:sneak_time":10053,"minecraft:walk_under_water_one_cm":12206,"minecraft:interact_with_blast_furnace":3,"minecraft:total_world_time":523866,"minecraft:time_since_rest":1694,"minecraft:damage_taken":19788,"minecraft:damage_absorbed":420,"minecraft:swim_one_cm":43701,"minecraft:fly_one_cm":1239884,"minecraft:open_chest":202,"minecraft:fall_one_cm":146962},"minecraft:used":{"minecraft:ladder":2,"minecraft:oak_sign":12,"minecraft:chest":40,"minecraft:shield":9,"minecraft:iron_chestplate":1,"minecraft:tuff":7,"minecraft:packed_ice":3,"minecraft:lava_bucket":11,"minecraft:grass_block":52,"minecraft:birch_trapdoor":5,"minecraft:furnace":7,"minecraft:potato":303,"minecraft:diorite":6,"minecraft:diamond_boots":2,"minecraft:stone_pickaxe":141,"minecraft:oak_planks":6,"minecraft:wooden_pickaxe":8,"minecraft:diamond_axe":313,"minecraft:dripstone_block":1,"minecraft:shears":4,"minecraft:cobbled_deepslate_stairs":66,"minecraft:lever":2,"minecraft:bread":73,"minecraft:string":18,"minecraft:gravel":1,"minecraft:diamond_sword":87,"minecraft:andesite":19,"minecraft:bone_meal":586,"minecraft:oak_fence":3,"minecraft:stone_sword":66,"minecraft:flint_and_steel":1,"dedsafio_3:batidora_legendaria":3,"minecraft:cooked_chicken":1,"minecraft:torch":36,"minecraft:dirt":326,"minecraft:hopper":24,"minecraft:diamond_helmet":2,"minecraft:granite":3,"dedsafio_3:casino_d_3":2,"minecraft:iron_axe":153,"minecraft:oak_stairs":1,"minecraft:iron_boots":1,"minecraft:light_gray_wool":1,"minecraft:diamond_chestplate":3,"minecraft:tripwire_hook":6,"minecraft:golden_carrot":7,"minecraft:cooked_beef":2,"minecraft:cobbled_deepslate":50,"minecraft:iron_leggings":1,"minecraft:pointed_dripstone":3,"minecraft:cooked_mutton":14,"minecraft:water_bucket":72,"modminds:bloqueador":1,"minecraft:baked_potato":37,"minecraft:cobblestone_slab":14,"minecraft:spruce_fence_gate":10,"minecraft:crafting_table":16,"minecraft:campfire":9,"minecraft:white_bed":16,"minecraft:diamond_pickaxe":334,"minecraft:diamond_shovel":1011,"minecraft:iron_pickaxe":1624,"minecraft:spruce_trapdoor":3,"minecraft:spruce_sapling":18,"minecraft:stone_axe":3,"minecraft:cobblestone":137,"minecraft:cobbled_deepslate_slab":20,"minecraft:porkchop":1,"minecraft:bucket":82,"minecraft:diamond_leggings":3}},"DataVersion":3465}